user_id,item_id,rating,timestamp,age,gender,occupation,zipcode,title,release_date,genres
234,608,3,892078741,60,M,retired,94702,Spellbound,1945,"['Mystery', 'Romance', 'Thriller']"
880,92,4,880167778,13,M,student,83702,True Romance,1993,"['Action', 'Crime', 'Romance']"
548,9,1,891043008,51,M,writer,95468,Dead Man Walking,1995,['Drama']
868,218,3,877104913,21,M,programmer,55303,Cape Fear,1991,['Thriller']
213,756,2,878955319,33,M,executive,55345,Father of the Bride Part II,1995,['Comedy']
42,367,2,881109149,30,M,administrator,17870,Clueless,1995,['Comedy']
394,455,4,880889066,25,M,administrator,96819,Jackie Chan's First Strike,1997,['Action']
62,174,4,879374916,27,F,administrator,97214,Raiders of the Lost Ark,1981,"['Action', 'Adventure']"
22,127,5,878887869,25,M,writer,40206,"Godfather, The",1972,"['Action', 'Crime', 'Drama']"
665,135,4,884294880,25,M,administrator,55412,2001: A Space Odyssey,1968,"['Drama', 'Mystery', 'Sci-Fi', 'Thriller']"
514,274,4,876067433,27,M,programmer,20707,Sabrina,1995,"['Comedy', 'Romance']"
452,455,1,876297413,35,M,administrator,28018,Jackie Chan's First Strike,1997,['Action']
659,196,4,891384888,31,M,educator,54248,Dead Poets Society,1989,['Drama']
437,1267,4,880141528,27,F,other,20009,Clockers,1995,['Drama']
645,61,5,892054508,27,M,programmer,53211,Three Colors: White,1994,['Drama']
645,56,3,892053241,27,M,programmer,53211,Pulp Fiction,1994,"['Crime', 'Drama']"
632,131,4,879458941,18,M,student,55454,Breakfast at Tiffany's,1961,"['Drama', 'Romance']"
833,430,4,875133840,34,M,writer,90019,Duck Soup,1933,"['Comedy', 'War']"
933,180,5,874854723,28,M,student,48105,Apocalypse Now,1979,"['Drama', 'War']"
287,121,4,875334494,21,M,salesman,31211,Independence Day (ID4),1996,"['Action', 'Sci-Fi', 'War']"
532,120,2,888630742,20,M,student,92705,Striptease,1996,"['Comedy', 'Crime']"
645,1018,3,892053518,27,M,programmer,53211,Tie Me Up! Tie Me Down!,1990,['Drama']
294,363,1,889243393,34,M,technician,92110,Sudden Death,1995,['Action']
936,118,3,886833516,24,M,other,32789,Twister,1996,"['Action', 'Adventure', 'Thriller']"
705,566,4,883428058,21,F,student,54494,Clear and Present Danger,1994,"['Action', 'Adventure', 'Thriller']"
445,208,2,890987712,21,M,writer,92653,Young Frankenstein,1974,"['Comedy', 'Horror']"
761,458,1,876190623,17,M,student,97302,Nixon,1995,['Drama']
293,56,4,888905550,24,M,writer,60804,Pulp Fiction,1994,"['Crime', 'Drama']"
393,15,3,887744266,19,M,student,83686,Mr. Holland's Opus,1996,['Drama']
289,1,3,876789736,11,M,none,94619,Toy Story,1995,"['Animation', ""Children's"", 'Comedy']"
94,939,4,885873423,26,M,student,71457,Murder in the First,1995,"['Drama', 'Thriller']"
346,549,4,874950966,34,M,other,76059,Rob Roy,1995,"['Drama', 'Romance', 'War']"
347,371,1,881654715,18,M,student,90210,"Bridges of Madison County, The",1996,"['Drama', 'Romance']"
766,172,3,891309052,42,M,other,10960,"Empire Strikes Back, The",1980,"['Action', 'Adventure', 'Drama', 'Romance', 'Sci-Fi', 'War']"
758,865,4,881975005,27,M,student,53706,"Ice Storm, The",1997,['Drama']
256,291,5,882152630,35,F,none,39042,Absolute Power,1997,"['Mystery', 'Thriller']"
851,234,4,875731189,18,M,other,29646,Jaws,1975,"['Action', 'Horror']"
381,303,3,892697999,33,M,artist,94608,Ulee's Gold,1997,['Drama']
663,173,3,889493818,26,M,other,19341,"Princess Bride, The",1987,"['Action', 'Adventure', 'Comedy', 'Romance']"
564,298,3,888730534,65,M,retired,94591,Face/Off,1997,"['Action', 'Sci-Fi', 'Thriller']"
379,651,4,880568511,44,M,programmer,98117,Glory,1989,"['Action', 'Drama', 'War']"
144,64,5,888105140,53,M,programmer,20910,"Shawshank Redemption, The",1994,['Drama']
543,982,3,877452676,33,M,scientist,95123,Maximum Risk,1996,"['Action', 'Adventure', 'Thriller']"
417,131,4,879647254,27,F,other,48103,Breakfast at Tiffany's,1961,"['Drama', 'Romance']"
385,715,3,879446671,36,M,writer,10003,To Die For,1995,"['Comedy', 'Drama']"
159,254,3,884026738,23,F,student,55346,Batman & Robin,1997,"['Action', 'Adventure', 'Crime']"
85,325,2,879452386,51,M,educator,20003,Crash,1997,"['Drama', 'Thriller']"
707,882,4,879439382,56,F,librarian,19146,Washington Square,1997,['Drama']
178,8,4,882826556,26,M,other,49512,Babe,1995,"[""Children's"", 'Comedy', 'Drama']"
151,147,2,879524947,38,F,administrator,48103,"Long Kiss Goodnight, The",1996,"['Action', 'Thriller']"
165,223,4,879525894,20,F,other,53715,Sling Blade,1996,"['Drama', 'Thriller']"
551,509,4,892777274,25,M,programmer,55414,My Left Foot,1989,['Drama']
328,511,4,885045678,51,M,administrator,06779,Lawrence of Arabia,1962,"['Adventure', 'War']"
503,463,1,880383126,50,F,writer,27514,"Secret of Roan Inish, The",1994,['Adventure']
796,48,3,892663090,32,F,writer,33755,Hoop Dreams,1994,['Documentary']
236,705,4,890116402,44,F,writer,53214,Singin' in the Rain,1952,"['Musical', 'Romance']"
639,1065,1,891239030,42,F,librarian,12065,Koyaanisqatsi,1983,"['Documentary', 'War']"
591,435,4,891031724,57,F,librarian,92093,Butch Cassidy and the Sundance Kid,1969,"['Action', 'Comedy', 'Western']"
551,1518,4,892785363,25,M,programmer,55414,Losing Isaiah,1995,['Drama']
233,212,5,877665324,38,M,engineer,98682,"Unbearable Lightness of Being, The",1988,['Drama']
715,239,4,875963867,21,M,technician,91206,Sneakers,1992,"['Crime', 'Drama', 'Sci-Fi']"
532,914,5,893118711,20,M,student,92705,Wild Things,1998,"['Crime', 'Drama', 'Mystery', 'Thriller']"
533,443,3,879191595,43,M,librarian,02324,"Birds, The",1963,['Horror']
883,724,4,891696689,49,M,librarian,50266,Circle of Friends,1995,"['Drama', 'Romance']"
461,269,3,885355705,15,M,student,98102,"Full Monty, The",1997,['Comedy']
269,108,5,891457067,31,F,librarian,43201,Kids in the Hall: Brain Candy,1996,['Comedy']
128,193,3,879967249,24,F,marketing,20009,"Right Stuff, The",1983,['Drama']
843,588,2,879447579,35,M,librarian,44212,Beauty and the Beast,1991,"['Animation', ""Children's"", 'Musical']"
554,121,4,876232267,32,M,scientist,62901,Independence Day (ID4),1996,"['Action', 'Sci-Fi', 'War']"
95,239,3,879198262,31,M,administrator,10707,Sneakers,1992,"['Crime', 'Drama', 'Sci-Fi']"
629,566,5,880117395,46,F,other,44224,Clear and Present Danger,1994,"['Action', 'Adventure', 'Thriller']"
394,96,5,880886919,25,M,administrator,96819,Terminator 2: Judgment Day,1991,"['Action', 'Sci-Fi', 'Thriller']"
339,636,4,891035248,35,M,lawyer,37901,Escape from New York,1981,"['Action', 'Adventure', 'Sci-Fi', 'Thriller']"
593,293,1,877727988,31,F,educator,68767,Donnie Brasco,1997,"['Crime', 'Drama']"
686,474,5,879545413,32,M,educator,26506,Dr. Strangelove or: How I Learned to Stop Worrying and Love the Bomb,1963,"['Sci-Fi', 'War']"
782,338,2,891498676,21,F,artist,33205,Bean,1997,['Comedy']
276,408,5,874786467,21,M,student,95064,"Close Shave, A",1996,"['Animation', 'Comedy', 'Thriller']"
634,14,3,875728783,39,M,engineer,T8H1N,"Postino, Il",1994,"['Drama', 'Romance']"
394,62,4,881132876,25,M,administrator,96819,Stargate,1994,"['Action', 'Adventure', 'Sci-Fi']"
508,1135,3,883777382,27,M,marketing,19382,"Doors, The",1991,"['Drama', 'Musical']"
543,144,4,874863269,33,M,scientist,95123,Die Hard,1988,"['Action', 'Thriller']"
184,642,4,889909446,37,M,librarian,76013,"Grifters, The",1990,"['Crime', 'Drama', 'Film-Noir']"
92,1074,3,875907535,32,M,entertainment,80525,Reality Bites,1994,"['Comedy', 'Drama']"
407,152,4,875043826,29,M,engineer,03261,Sleeper,1973,"['Comedy', 'Sci-Fi']"
90,328,3,891382490,60,M,educator,78155,Conspiracy Theory,1997,"['Action', 'Mystery', 'Romance', 'Thriller']"
768,756,3,883835053,29,M,administrator,12866,Father of the Bride Part II,1995,['Comedy']
201,924,3,884140751,27,M,writer,E2A4H,White Squall,1996,"['Adventure', 'Drama']"
236,729,5,890118372,44,F,writer,53214,Nell,1994,['Drama']
403,471,5,879785822,37,M,other,06811,Courage Under Fire,1996,"['Drama', 'War']"
804,584,4,879444964,39,M,educator,61820,"Secret Garden, The",1993,"[""Children's"", 'Drama']"
1,111,5,889751711,24,M,technician,85711,"Truth About Cats & Dogs, The",1996,"['Comedy', 'Romance']"
237,180,4,879376730,49,M,administrator,63146,Apocalypse Now,1979,"['Drama', 'War']"
4,301,5,892002353,24,M,technician,43537,In & Out,1997,['Comedy']
456,1017,4,881372574,24,M,technician,31820,Trees Lounge,1996,['Drama']
703,1012,4,875242852,26,M,educator,49512,Private Parts,1997,"['Comedy', 'Drama']"
142,338,2,888640199,13,M,other,48118,Bean,1997,['Comedy']
690,53,2,881180005,35,M,salesman,63304,Natural Born Killers,1994,"['Action', 'Thriller']"
707,815,2,880060609,56,F,librarian,19146,One Fine Day,1996,"['Drama', 'Romance']"
379,195,3,880525368,44,M,programmer,98117,"Terminator, The",1984,"['Action', 'Sci-Fi', 'Thriller']"
324,301,5,880575108,21,F,student,02176,In & Out,1997,['Comedy']
199,751,3,883782557,30,M,writer,17604,Tomorrow Never Dies,1997,"['Action', 'Romance', 'Thriller']"
429,1,3,882385785,27,M,student,29205,Toy Story,1995,"['Animation', ""Children's"", 'Comedy']"
417,174,3,879647498,27,F,other,48103,Raiders of the Lost Ark,1981,"['Action', 'Adventure']"
339,772,4,891032413,35,M,lawyer,37901,Kids,1995,['Drama']
293,724,3,888907061,24,M,writer,60804,Circle of Friends,1995,"['Drama', 'Romance']"
72,121,3,880036048,48,F,administrator,73034,Independence Day (ID4),1996,"['Action', 'Sci-Fi', 'War']"
870,428,4,875050672,22,M,student,65203,Harold and Maude,1971,['Comedy']
640,81,5,874777735,20,M,student,61801,"Hudsucker Proxy, The",1994,"['Comedy', 'Romance']"
524,22,3,884634731,56,M,educator,02159,Braveheart,1996,"['Action', 'Drama', 'War']"
198,175,3,884207239,21,F,student,55414,Brazil,1985,['Sci-Fi']
96,200,5,884403215,25,F,artist,75206,"Shining, The",1980,['Horror']
940,271,2,884801053,32,M,administrator,02215,Starship Troopers,1997,"['Action', 'Adventure', 'Sci-Fi', 'War']"
479,235,3,879460503,30,M,educator,55409,Mars Attacks!,1996,"['Action', 'Comedy', 'Sci-Fi', 'War']"
122,661,4,879270327,32,F,writer,22206,High Noon,1952,['Western']
456,9,3,881372328,24,M,technician,31820,Dead Man Walking,1995,['Drama']
896,742,1,887159464,28,M,writer,91505,Ransom,1996,"['Drama', 'Thriller']"
62,715,2,879375912,27,F,administrator,97214,To Die For,1995,"['Comedy', 'Drama']"
585,919,2,891283681,69,M,librarian,98501,"City of Lost Children, The",1995,"['Adventure', 'Sci-Fi']"
789,1008,4,880332365,29,M,other,55420,I Shot Andy Warhol,1996,['Drama']
768,815,3,880135963,29,M,administrator,12866,One Fine Day,1996,"['Drama', 'Romance']"
361,228,4,879441285,22,M,student,44074,Star Trek: The Wrath of Khan,1982,"['Action', 'Adventure', 'Sci-Fi']"
359,930,4,886453402,22,M,student,61801,Chain Reaction,1996,"['Action', 'Adventure', 'Thriller']"
269,1103,5,891447773,31,F,librarian,43201,Trust,1990,"['Comedy', 'Drama']"
774,62,2,888557520,30,M,student,80027,Stargate,1994,"['Action', 'Adventure', 'Sci-Fi']"
276,431,3,874977474,21,M,student,95064,Highlander,1986,"['Action', 'Adventure']"
435,21,4,884134134,24,M,engineer,60007,Muppet Treasure Island,1996,"['Action', 'Adventure', 'Comedy', 'Musical', 'Thriller']"
110,184,1,886988631,19,M,student,77840,Army of Darkness,1993,"['Action', 'Adventure', 'Comedy', 'Horror', 'Sci-Fi']"
537,121,1,886030380,36,M,engineer,22902,Independence Day (ID4),1996,"['Action', 'Sci-Fi', 'War']"
333,435,4,891045245,47,M,other,V0R2M,Butch Cassidy and the Sundance Kid,1969,"['Action', 'Comedy', 'Western']"
373,1113,1,877099968,24,F,other,55116,Mrs. Parker and the Vicious Circle,1994,['Drama']
416,106,3,876697913,20,F,student,92626,Diabolique,1996,"['Drama', 'Thriller']"
87,804,3,879877083,47,M,administrator,89503,Jimmy Hollywood,1994,['Comedy']
490,117,1,875427948,29,F,artist,V5A2B,"Rock, The",1996,"['Action', 'Adventure', 'Thriller']"
227,1010,3,879035637,46,M,executive,60659,Basquiat,1996,['Drama']
532,139,5,874792232,20,M,student,92705,"Love Bug, The",1969,"[""Children's"", 'Comedy']"
130,622,3,875802173,20,M,none,60115,Swiss Family Robinson,1960,"['Adventure', ""Children's""]"
305,212,3,886324058,23,M,programmer,94086,"Unbearable Lightness of Being, The",1988,['Drama']
727,385,3,883710994,25,M,student,78741,True Lies,1994,"['Action', 'Adventure', 'Comedy', 'Romance']"
228,137,1,889388662,21,F,student,22003,Big Night,1996,['Drama']
18,162,4,880131326,35,F,other,37212,On Golden Pond,1981,['Drama']
13,308,3,881514726,47,M,educator,29206,FairyTale: A True Story,1997,"[""Children's"", 'Drama', 'Fantasy']"
541,99,4,883874717,19,F,student,84302,Snow White and the Seven Dwarfs,1937,"['Animation', ""Children's"", 'Musical']"
542,175,3,886532762,21,M,student,60515,Brazil,1985,['Sci-Fi']
23,472,2,874784972,30,F,artist,48197,Dragonheart,1996,"['Action', 'Adventure', 'Fantasy']"
450,133,5,882373019,35,F,educator,11758,Gone with the Wind,1939,"['Drama', 'Romance', 'War']"
269,717,1,891456493,31,F,librarian,43201,"Juror, The",1996,"['Drama', 'Thriller']"
305,76,1,886323506,23,M,programmer,94086,Carlito's Way,1993,"['Crime', 'Drama']"
304,111,3,884968264,22,F,student,71701,"Truth About Cats & Dogs, The",1996,"['Comedy', 'Romance']"
251,468,2,886271641,28,M,doctor,85032,Rudy,1993,['Drama']
851,295,5,874728370,18,M,other,29646,Breakdown,1997,"['Action', 'Thriller']"
756,30,4,874827283,30,F,none,90247,Belle de jour,1967,['Drama']
90,659,4,891384357,60,M,educator,78155,Arsenic and Old Lace,1944,"['Comedy', 'Mystery', 'Thriller']"
91,484,4,891438977,55,M,marketing,01913,"Maltese Falcon, The",1941,"['Film-Noir', 'Mystery']"
246,11,4,884922512,19,M,student,28734,Seven (Se7en),1995,"['Crime', 'Thriller']"
689,257,5,876676397,25,M,other,45439,Men in Black,1997,"['Action', 'Adventure', 'Comedy', 'Sci-Fi']"
625,652,4,891262983,27,M,programmer,20723,Rosencrantz and Guildenstern Are Dead,1990,"['Comedy', 'Drama']"
301,393,3,882078735,24,M,student,55439,Mrs. Doubtfire,1993,['Comedy']
714,250,5,892777876,26,M,engineer,55343,"Fifth Element, The",1997,"['Action', 'Sci-Fi']"
311,654,3,884365075,32,M,technician,73071,Chinatown,1974,"['Film-Noir', 'Mystery', 'Thriller']"
552,1095,3,879222738,45,M,other,68147,High School High,1996,['Comedy']
436,658,5,887769673,30,F,administrator,17345,Pump Up the Volume,1990,['Drama']
234,474,4,892317967,60,M,retired,94702,Dr. Strangelove or: How I Learned to Stop Worrying and Love the Bomb,1963,"['Sci-Fi', 'War']"
1,186,4,875073128,24,M,technician,85711,"Blues Brothers, The",1980,"['Action', 'Comedy', 'Musical']"
385,1411,3,879447873,36,M,writer,10003,Barbarella,1968,"['Adventure', 'Sci-Fi']"
130,1016,4,874953698,20,M,none,60115,Con Air,1997,"['Action', 'Adventure', 'Thriller']"
184,423,4,889909409,37,M,librarian,76013,E.T. the Extra-Terrestrial,1982,"[""Children's"", 'Drama', 'Fantasy', 'Sci-Fi']"
486,93,4,879874629,39,M,educator,93101,Welcome to the Dollhouse,1996,"['Comedy', 'Drama']"
886,558,3,876031656,20,M,student,61820,Heavenly Creatures,1994,"['Drama', 'Fantasy', 'Thriller']"
569,118,4,879794265,34,M,educator,91903,Twister,1996,"['Action', 'Adventure', 'Thriller']"
712,451,5,874956872,22,F,student,54901,Grease,1978,"['Comedy', 'Musical', 'Romance']"
249,1073,4,879640918,25,M,student,84103,Shallow Grave,1994,['Thriller']
346,780,2,875264904,34,M,other,76059,Dumb & Dumber,1994,['Comedy']
932,168,5,891250746,58,M,educator,06437,Monty Python and the Holy Grail,1974,['Comedy']
396,25,3,884646191,57,M,engineer,94551,"Birdcage, The",1996,['Comedy']
312,730,3,891699568,48,M,other,02110,"Queen Margot (Reine Margot, La)",1996,"['Drama', 'Romance']"
741,77,3,891455671,25,M,writer,63108,"Firm, The",1993,"['Drama', 'Thriller']"
13,25,1,882141686,47,M,educator,29206,"Birdcage, The",1996,['Comedy']
363,172,5,891495711,20,M,student,87501,"Empire Strikes Back, The",1980,"['Action', 'Adventure', 'Drama', 'Romance', 'Sci-Fi', 'War']"
380,419,3,885479124,32,M,engineer,55117,Mary Poppins,1964,"[""Children's"", 'Comedy', 'Musical']"
347,1244,3,881653300,18,M,student,90210,Metro,1997,['Action']
201,1103,3,884140487,27,M,writer,E2A4H,Trust,1990,"['Comedy', 'Drama']"
588,597,4,890026543,18,F,student,93063,Eraser,1996,"['Action', 'Thriller']"
843,380,3,879448262,35,M,librarian,44212,Star Trek: Generations,1994,"['Action', 'Adventure', 'Sci-Fi']"
453,3,4,877552717,18,M,student,06333,Four Rooms,1995,['Thriller']
497,840,3,879310679,20,M,student,50112,Last Man Standing,1996,"['Action', 'Drama', 'Western']"
537,458,3,886030176,36,M,engineer,22902,Nixon,1995,['Drama']
918,166,4,891987238,40,M,scientist,70116,Manon of the Spring (Manon des sources),1986,['Drama']
264,637,4,886122446,36,F,writer,90064,"Howling, The",1981,"['Comedy', 'Horror']"
405,1267,1,885546379,22,F,healthcare,10019,Clockers,1995,['Drama']
222,568,5,878183481,29,M,programmer,27502,Speed,1994,"['Action', 'Romance', 'Thriller']"
10,604,4,877892110,53,M,lawyer,90703,It Happened One Night,1934,['Comedy']
551,186,5,892783142,25,M,programmer,55414,"Blues Brothers, The",1980,"['Action', 'Comedy', 'Musical']"
275,419,3,880314383,38,M,engineer,92064,Mary Poppins,1964,"[""Children's"", 'Comedy', 'Musical']"
291,236,4,874834128,19,M,student,44106,Citizen Ruth,1996,"['Comedy', 'Drama']"
501,121,4,883347023,22,M,student,10025,Independence Day (ID4),1996,"['Action', 'Sci-Fi', 'War']"
488,69,4,891294209,48,M,technician,21012,Forrest Gump,1994,"['Comedy', 'Romance', 'War']"
749,151,5,878846783,33,M,other,80919,Willy Wonka and the Chocolate Factory,1971,"['Adventure', ""Children's"", 'Comedy']"
843,99,2,879448751,35,M,librarian,44212,Snow White and the Seven Dwarfs,1937,"['Animation', ""Children's"", 'Musical']"
128,1035,3,879968921,24,F,marketing,20009,Cool Runnings,1993,['Comedy']
374,252,3,880394179,36,M,executive,78746,"Lost World: Jurassic Park, The",1997,"['Action', 'Adventure', 'Sci-Fi', 'Thriller']"
102,219,2,888803149,38,M,programmer,30220,"Nightmare on Elm Street, A",1984,['Horror']
256,1119,3,882165032,35,F,none,39042,Some Kind of Wonderful,1987,"['Drama', 'Romance']"
294,825,3,877820272,34,M,technician,92110,"Arrival, The",1996,"['Action', 'Sci-Fi', 'Thriller']"
883,922,5,891717963,49,M,librarian,50266,Dead Man,1996,['Western']
489,324,3,891445320,55,M,other,45218,Lost Highway,1997,['Mystery']
286,208,4,877531942,27,M,student,15217,Young Frankenstein,1974,"['Comedy', 'Horror']"
892,100,5,886607642,36,M,other,45243,Fargo,1997,"['Crime', 'Drama', 'Thriller']"
367,876,3,876689418,17,M,student,37411,Money Talks,1997,"['Action', 'Comedy']"
346,157,3,874950966,34,M,other,76059,Platoon,1986,"['Drama', 'War']"
618,507,4,891309239,15,F,student,44212,"Streetcar Named Desire, A",1951,['Drama']
293,455,2,888905229,24,M,writer,60804,Jackie Chan's First Strike,1997,['Action']
560,111,3,879976731,32,M,student,10003,"Truth About Cats & Dogs, The",1996,"['Comedy', 'Romance']"
486,336,2,879874218,39,M,educator,93101,Playing God,1997,"['Crime', 'Thriller']"
807,588,5,892530251,41,F,healthcare,93555,Beauty and the Beast,1991,"['Animation', ""Children's"", 'Musical']"
90,644,5,891384065,60,M,educator,78155,"Thin Blue Line, The",1988,['Documentary']
889,381,4,880180784,24,M,technician,78704,Muriel's Wedding,1994,"['Comedy', 'Romance']"
334,505,4,891546405,32,M,librarian,30002,Dial M for Murder,1954,"['Mystery', 'Thriller']"
477,15,4,875941863,23,F,student,02125,Mr. Holland's Opus,1996,['Drama']
116,661,4,876454023,40,M,healthcare,97232,High Noon,1952,['Western']
222,38,2,878185102,29,M,programmer,27502,"Net, The",1995,"['Sci-Fi', 'Thriller']"
486,301,4,879874113,39,M,educator,93101,In & Out,1997,['Comedy']
496,99,3,876066598,21,F,student,55414,Snow White and the Seven Dwarfs,1937,"['Animation', ""Children's"", 'Musical']"
621,180,4,885596944,17,M,student,60402,Apocalypse Now,1979,"['Drama', 'War']"
471,1,4,889827881,10,M,student,77459,Toy Story,1995,"['Animation', ""Children's"", 'Comedy']"
354,313,3,891180399,29,F,librarian,48197,Titanic,1997,"['Action', 'Drama', 'Romance']"
593,631,3,886194296,31,F,educator,68767,"Crying Game, The",1992,"['Action', 'Drama', 'Romance', 'War']"
117,25,4,881009470,20,M,student,16125,"Birdcage, The",1996,['Comedy']
323,79,4,878739829,21,M,student,19149,"Fugitive, The",1993,"['Action', 'Thriller']"
425,540,2,878738486,19,M,student,58644,Money Train,1995,['Action']
535,461,3,879617663,45,F,educator,80302,Smoke,1995,['Drama']
226,69,4,883889430,28,M,student,92103,Forrest Gump,1994,"['Comedy', 'Romance', 'War']"
21,878,2,874951039,26,M,writer,30068,That Darn Cat!,1997,"[""Children's"", 'Comedy', 'Mystery']"
643,203,4,891446956,39,M,scientist,55122,Unforgiven,1992,['Western']
291,706,3,874867785,19,M,student,44106,Bad Moon,1996,['Horror']
399,1480,3,882350899,25,M,other,92374,Herbie Rides Again,1974,"['Adventure', ""Children's"", 'Comedy']"
291,231,3,874835024,19,M,student,44106,Batman Returns,1992,"['Action', 'Adventure', 'Comedy', 'Crime']"
654,535,3,887863962,27,F,student,78739,Addicted to Love,1997,"['Comedy', 'Romance']"
81,274,3,876534313,21,M,student,21218,Sabrina,1995,"['Comedy', 'Romance']"
527,197,4,879455740,33,M,librarian,12180,"Graduate, The",1967,"['Drama', 'Romance']"
5,89,5,875636033,33,F,other,15213,Blade Runner,1982,"['Film-Noir', 'Sci-Fi']"
671,576,5,884035939,21,M,programmer,91919,Cliffhanger,1993,"['Action', 'Adventure', 'Crime']"
279,1034,4,875297381,33,M,programmer,85251,"Quest, The",1996,"['Action', 'Adventure']"
234,44,3,892335707,60,M,retired,94702,Dolores Claiborne,1994,"['Drama', 'Thriller']"
883,228,4,891696824,49,M,librarian,50266,Star Trek: The Wrath of Khan,1982,"['Action', 'Adventure', 'Sci-Fi']"
457,45,5,882397133,33,F,salesman,30011,Eat Drink Man Woman,1994,"['Comedy', 'Drama']"
876,48,5,879428481,41,M,other,20902,Hoop Dreams,1994,['Documentary']
276,215,4,874791145,21,M,student,95064,Field of Dreams,1989,['Drama']
292,203,4,881105442,35,F,programmer,94703,Unforgiven,1992,['Western']
181,1008,1,878963276,26,M,executive,21218,I Shot Andy Warhol,1996,['Drama']
84,543,5,883453713,32,M,executive,55369,"Misérables, Les",1995,"['Drama', 'Musical']"
43,496,5,883955605,29,F,librarian,20854,It's a Wonderful Life,1946,['Drama']
359,250,4,886453354,22,M,student,61801,"Fifth Element, The",1997,"['Action', 'Sci-Fi']"
599,934,3,880953441,22,F,student,R3T5K,"Preacher's Wife, The",1996,['Drama']
222,173,5,878183043,29,M,programmer,27502,"Princess Bride, The",1987,"['Action', 'Adventure', 'Comedy', 'Romance']"
267,80,4,878973597,23,M,engineer,83716,Hot Shots! Part Deux,1993,"['Action', 'Comedy', 'War']"
244,886,5,880601905,28,M,technician,80525,"Life Less Ordinary, A",1997,"['Romance', 'Thriller']"
943,485,5,888639523,22,M,student,77841,My Fair Lady,1964,"['Musical', 'Romance']"
6,95,2,883602133,42,M,executive,98101,Aladdin,1992,"['Animation', ""Children's"", 'Comedy', 'Musical']"
846,609,5,883949199,27,M,lawyer,47130,Father of the Bride,1950,['Comedy']
749,510,4,878847404,33,M,other,80919,"Magnificent Seven, The",1954,"['Action', 'Drama', 'Western']"
32,1023,3,883717913,28,F,student,78741,Fathers' Day,1997,['Comedy']
15,929,1,879456168,49,F,educator,97301,Harriet the Spy,1996,"[""Children's"", 'Comedy']"
193,159,4,889124191,29,M,student,49931,Basic Instinct,1992,"['Mystery', 'Thriller']"
486,117,3,879874939,39,M,educator,93101,"Rock, The",1996,"['Action', 'Adventure', 'Thriller']"
417,178,3,879646965,27,F,other,48103,12 Angry Men,1957,['Drama']
804,257,5,879441014,39,M,educator,61820,Men in Black,1997,"['Action', 'Adventure', 'Comedy', 'Sci-Fi']"
40,316,3,889041643,38,M,scientist,27514,As Good As It Gets,1997,"['Comedy', 'Drama']"
593,1014,1,875659755,31,F,educator,68767,Romy and Michele's High School Reunion,1997,['Comedy']
279,33,4,875308510,33,M,programmer,85251,Desperado,1995,"['Action', 'Romance', 'Thriller']"
480,64,3,891208293,57,M,retired,98257,"Shawshank Redemption, The",1994,['Drama']
844,56,4,877386897,22,M,engineer,95662,Pulp Fiction,1994,"['Crime', 'Drama']"
393,652,3,889729375,19,M,student,83686,Rosencrantz and Guildenstern Are Dead,1990,"['Comedy', 'Drama']"
880,243,2,892958608,13,M,student,83702,Jungle2Jungle,1997,"[""Children's"", 'Comedy']"
661,183,4,876035466,28,M,programmer,98121,Alien,1979,"['Action', 'Horror', 'Sci-Fi', 'Thriller']"
790,485,3,885156709,27,M,technician,80913,My Fair Lady,1964,"['Musical', 'Romance']"
642,451,5,885605794,18,F,student,95521,Grease,1978,"['Comedy', 'Musical', 'Romance']"
587,304,4,892871141,26,M,other,14216,Fly Away Home,1996,"['Adventure', ""Children's""]"
235,188,4,889655619,37,M,educator,22973,Full Metal Jacket,1987,"['Action', 'Drama', 'War']"
934,533,3,891189640,61,M,engineer,22902,"Daytrippers, The",1997,['Mystery']
837,151,5,875721734,36,F,artist,55409,Willy Wonka and the Chocolate Factory,1971,"['Adventure', ""Children's"", 'Comedy']"
592,744,3,882608500,18,M,student,97520,Michael Collins,1996,"['Drama', 'War']"
890,474,5,882403587,32,M,student,97301,Dr. Strangelove or: How I Learned to Stop Worrying and Love the Bomb,1963,"['Sci-Fi', 'War']"
586,173,3,884059287,20,M,student,79508,"Princess Bride, The",1987,"['Action', 'Adventure', 'Comedy', 'Romance']"
116,331,3,876451911,40,M,healthcare,97232,"Edge, The",1997,"['Adventure', 'Thriller']"
303,805,4,879485475,19,M,student,14853,Manhattan Murder Mystery,1993,"['Comedy', 'Mystery']"
836,258,4,885753475,44,M,artist,10018,Contact,1997,"['Drama', 'Sci-Fi']"
280,550,2,891701764,30,F,librarian,22903,Die Hard: With a Vengeance,1995,"['Action', 'Thriller']"
901,228,5,877131045,38,M,executive,L1V3W,Star Trek: The Wrath of Khan,1982,"['Action', 'Adventure', 'Sci-Fi']"
623,186,3,891034814,50,F,educator,60187,"Blues Brothers, The",1980,"['Action', 'Comedy', 'Musical']"
637,225,3,882904829,30,M,other,74101,101 Dalmatians,1996,"[""Children's"", 'Comedy']"
777,1,4,875979431,63,M,programmer,01810,Toy Story,1995,"['Animation', ""Children's"", 'Comedy']"
346,143,3,874948332,34,M,other,76059,"Sound of Music, The",1965,['Musical']
554,174,5,876550257,32,M,scientist,62901,Raiders of the Lost Ark,1981,"['Action', 'Adventure']"
59,662,3,888206125,49,M,educator,08403,Somewhere in Time,1980,"['Drama', 'Romance']"
437,447,4,880143663,27,F,other,20009,Carrie,1976,['Horror']
733,137,5,879535406,44,F,other,60630,Big Night,1996,['Drama']
698,1,4,886366815,28,F,programmer,06906,Toy Story,1995,"['Animation', ""Children's"", 'Comedy']"
110,651,4,886988018,19,M,student,77840,Glory,1989,"['Action', 'Drama', 'War']"
260,990,5,890618729,40,F,artist,89801,Anna Karenina,1997,"['Drama', 'Romance']"
450,1480,3,882468686,35,F,educator,11758,Herbie Rides Again,1974,"['Adventure', ""Children's"", 'Comedy']"
56,372,3,892911290,25,M,librarian,46260,Jeffrey,1995,['Comedy']
886,435,3,876031459,20,M,student,61820,Butch Cassidy and the Sundance Kid,1969,"['Action', 'Comedy', 'Western']"
331,32,4,877196633,33,M,entertainment,91344,Crumb,1994,['Documentary']
59,52,4,888205615,49,M,educator,08403,"Madness of King George, The",1994,['Drama']
7,528,5,891352659,57,M,administrator,91344,"Killing Fields, The",1984,"['Drama', 'War']"
886,467,4,876032577,20,M,student,61820,"Bronx Tale, A",1993,['Drama']
269,504,4,891449922,31,F,librarian,43201,Bonnie and Clyde,1967,"['Crime', 'Drama']"
600,373,3,888452490,34,M,programmer,02320,Judge Dredd,1995,"['Action', 'Adventure', 'Sci-Fi']"
881,106,4,879052493,39,M,marketing,43017,Diabolique,1996,"['Drama', 'Thriller']"
318,481,4,884496156,65,M,retired,06518,"Apartment, The",1960,"['Comedy', 'Drama']"
271,192,5,885848373,51,M,engineer,22932,Raging Bull,1980,['Drama']
334,515,4,891545898,32,M,librarian,30002,"Boot, Das",1997,"['Action', 'Drama', 'War']"
601,8,3,876348736,19,F,artist,99687,Babe,1995,"[""Children's"", 'Comedy', 'Drama']"
92,926,3,875640542,32,M,entertainment,80525,Down Periscope,1996,['Comedy']
6,309,2,883268430,42,M,executive,98101,Deceiver,1997,['Crime']
659,134,4,891332189,31,M,educator,54248,Citizen Kane,1941,['Drama']
59,95,2,888204758,49,M,educator,08403,Aladdin,1992,"['Animation', ""Children's"", 'Comedy', 'Musical']"
13,755,3,882399014,47,M,educator,29206,Jumanji,1995,"['Action', 'Adventure', ""Children's"", 'Fantasy', 'Sci-Fi']"
305,249,3,886322174,23,M,programmer,94086,Austin Powers: International Man of Mystery,1997,['Comedy']
361,655,3,879440346,22,M,student,44074,Stand by Me,1986,"['Adventure', 'Comedy', 'Drama']"
360,166,5,880355527,51,M,other,98027,Manon of the Spring (Manon des sources),1986,['Drama']
13,186,4,890704999,47,M,educator,29206,"Blues Brothers, The",1980,"['Action', 'Comedy', 'Musical']"
100,886,3,891375522,36,M,executive,90254,"Life Less Ordinary, A",1997,"['Romance', 'Thriller']"
561,268,3,885806710,23,M,engineer,60005,Chasing Amy,1997,"['Drama', 'Romance']"
581,275,3,879641787,37,M,other,94131,Sense and Sensibility,1995,"['Drama', 'Romance']"
83,543,2,887665445,40,M,other,44133,"Misérables, Les",1995,"['Drama', 'Musical']"
256,228,3,882164559,35,F,none,39042,Star Trek: The Wrath of Khan,1982,"['Action', 'Adventure', 'Sci-Fi']"
399,1231,3,882350487,25,M,other,92374,Marked for Death,1990,"['Action', 'Drama']"
799,748,2,879253755,49,F,administrator,19716,"Saint, The",1997,"['Action', 'Romance', 'Thriller']"
293,48,5,888905819,24,M,writer,60804,Hoop Dreams,1994,['Documentary']
568,56,4,877907720,39,M,educator,01915,Pulp Fiction,1994,"['Crime', 'Drama']"
790,258,3,884461387,27,M,technician,80913,Contact,1997,"['Drama', 'Sci-Fi']"
145,431,5,875272132,31,M,entertainment,V3N4P,Highlander,1986,"['Action', 'Adventure']"
60,205,4,883326426,50,M,healthcare,06472,Patton,1970,"['Drama', 'War']"
422,275,5,875130026,26,M,entertainment,94533,Sense and Sensibility,1995,"['Drama', 'Romance']"
591,357,5,891031228,57,F,librarian,92093,One Flew Over the Cuckoo's Nest,1975,['Drama']
537,584,2,886031678,36,M,engineer,22902,"Secret Garden, The",1993,"[""Children's"", 'Drama']"
280,670,2,891702485,30,F,librarian,22903,Body Snatchers,1993,"['Horror', 'Sci-Fi', 'Thriller']"
480,265,3,891208390,57,M,retired,98257,"Hunt for Red October, The",1990,"['Action', 'Thriller']"
43,137,4,875975656,29,F,librarian,20854,Big Night,1996,['Drama']
721,631,5,877147260,24,F,entertainment,11238,"Crying Game, The",1992,"['Action', 'Drama', 'Romance', 'War']"
308,403,4,887738571,60,M,retired,95076,Batman,1989,"['Action', 'Adventure', 'Crime', 'Drama']"
409,1512,5,881106947,48,M,administrator,98225,"World of Apu, The (Apur Sansar)",1996,['Drama']
95,393,5,880571678,31,M,administrator,10707,Mrs. Doubtfire,1993,['Comedy']
508,436,4,883777109,27,M,marketing,19382,"American Werewolf in London, An",1981,['Horror']
548,657,5,891044411,51,M,writer,95468,"Manchurian Candidate, The",1962,"['Film-Noir', 'Thriller']"
546,898,4,885141260,36,M,executive,22911,"Postman, The",1997,['Drama']
303,433,4,879467985,19,M,student,14853,Heathers,1989,['Comedy']
804,1222,3,879446276,39,M,educator,61820,Judgment Night,1993,['Action']
276,1081,3,880913705,21,M,student,95064,Curdled,1996,['Crime']
82,504,4,878769917,50,M,programmer,22902,Bonnie and Clyde,1967,"['Crime', 'Drama']"
493,411,1,884132934,22,M,engineer,60090,"Nutty Professor, The",1996,"['Comedy', 'Fantasy', 'Romance', 'Sci-Fi']"
447,742,3,878854658,30,M,administrator,55113,Ransom,1996,"['Drama', 'Thriller']"
561,234,3,885808824,23,M,engineer,60005,Jaws,1975,"['Action', 'Horror']"
179,362,1,892151231,15,M,entertainment,20755,Blues Brothers 2000,1998,"['Action', 'Comedy', 'Musical']"
205,300,3,888284245,47,M,lawyer,06371,Air Force One,1997,"['Action', 'Thriller']"
478,1521,3,889397343,29,M,other,10019,Mr. Wonderful,1993,"['Comedy', 'Romance']"
472,96,5,875980823,24,M,student,87544,Terminator 2: Judgment Day,1991,"['Action', 'Sci-Fi', 'Thriller']"
327,393,3,887819507,22,M,student,11101,Mrs. Doubtfire,1993,['Comedy']
7,268,3,891350703,57,M,administrator,91344,Chasing Amy,1997,"['Drama', 'Romance']"
838,114,4,887065822,23,M,student,01375,Wallace & Gromit: The Best of Aardman Animation,1996,['Animation']
579,209,4,880951944,32,M,educator,48103,This Is Spinal Tap,1984,"['Comedy', 'Drama', 'Musical']"
59,14,5,888203234,49,M,educator,08403,"Postino, Il",1994,"['Drama', 'Romance']"
396,245,3,884645720,57,M,engineer,94551,"Devil's Own, The",1997,"['Action', 'Drama', 'Thriller', 'War']"
339,99,4,891035180,35,M,lawyer,37901,Snow White and the Seven Dwarfs,1937,"['Animation', ""Children's"", 'Musical']"
318,739,5,884496984,65,M,retired,06518,Pretty Woman,1990,"['Comedy', 'Romance']"
387,1134,1,886481183,33,M,entertainment,37412,Get on the Bus,1996,['Drama']
739,197,1,886958860,35,M,technician,73162,"Graduate, The",1967,"['Drama', 'Romance']"
354,42,2,891217512,29,F,librarian,48197,Clerks,1994,['Comedy']
233,57,5,880190451,38,M,engineer,98682,Priest,1994,['Drama']
182,15,4,885612967,36,M,programmer,33884,Mr. Holland's Opus,1996,['Drama']
934,703,4,891195437,61,M,engineer,22902,Widows' Peak,1994,['Drama']
361,237,4,879440740,22,M,student,44074,Jerry Maguire,1996,"['Drama', 'Romance']"
326,168,3,879874859,41,M,administrator,15235,Monty Python and the Holy Grail,1974,['Comedy']
417,386,3,879648382,27,F,other,48103,Addams Family Values,1993,['Comedy']
532,586,4,888636373,20,M,student,92705,Terminal Velocity,1994,['Action']
837,285,4,875722187,36,F,artist,55409,Secrets & Lies,1996,['Drama']
56,1,4,892683248,25,M,librarian,46260,Toy Story,1995,"['Animation', ""Children's"", 'Comedy']"
684,98,4,878759970,28,M,student,55414,"Silence of the Lambs, The",1991,"['Drama', 'Thriller']"
405,1055,3,885546202,22,F,healthcare,10019,"Simple Twist of Fate, A",1994,['Drama']
106,64,4,881449830,61,M,retired,55125,"Shawshank Redemption, The",1994,['Drama']
165,187,3,879526046,20,F,other,53715,"Godfather: Part II, The",1974,"['Action', 'Crime', 'Drama']"
62,1074,4,879376299,27,F,administrator,97214,Reality Bites,1994,"['Comedy', 'Drama']"
906,273,4,879434882,45,M,librarian,70124,Heat,1995,"['Action', 'Crime', 'Thriller']"
158,273,3,880132356,50,M,educator,27606,Heat,1995,"['Action', 'Crime', 'Thriller']"
643,1221,3,891450316,39,M,scientist,55122,When a Man Loves a Woman,1994,['Drama']
458,129,4,886394667,47,M,technician,Y1A6B,Bound,1996,"['Crime', 'Drama', 'Romance', 'Thriller']"
417,217,4,879648594,27,F,other,48103,Bram Stoker's Dracula,1992,"['Horror', 'Romance']"
705,95,4,883427640,21,F,student,54494,Aladdin,1992,"['Animation', ""Children's"", 'Comedy', 'Musical']"
413,250,3,879969674,55,M,educator,78212,"Fifth Element, The",1997,"['Action', 'Sci-Fi']"
303,755,2,879485016,19,M,student,14853,Jumanji,1995,"['Action', 'Adventure', ""Children's"", 'Fantasy', 'Sci-Fi']"
83,281,5,880307072,40,M,other,44133,"River Wild, The",1994,"['Action', 'Thriller']"
934,156,3,891190813,61,M,engineer,22902,Reservoir Dogs,1992,"['Crime', 'Thriller']"
380,134,3,885478583,32,M,engineer,55117,Citizen Kane,1941,['Drama']
625,393,4,891263665,27,M,programmer,20723,Mrs. Doubtfire,1993,['Comedy']
90,31,4,891384673,60,M,educator,78155,Crimson Tide,1995,"['Drama', 'Thriller', 'War']"
313,603,5,891013681,41,M,marketing,60035,Rear Window,1954,"['Mystery', 'Thriller']"
692,845,3,876948910,34,M,engineer,18053,That Thing You Do!,1996,['Comedy']
659,855,2,891386576,31,M,educator,54248,Diva,1981,"['Action', 'Drama', 'Mystery', 'Romance', 'Thriller']"
844,22,4,877386855,22,M,engineer,95662,Braveheart,1996,"['Action', 'Drama', 'War']"
507,690,4,889964074,18,F,writer,28450,Seven Years in Tibet,1997,"['Drama', 'War']"
526,307,2,885681958,30,M,marketing,97124,"Devil's Advocate, The",1997,"['Crime', 'Horror', 'Mystery', 'Thriller']"
327,147,2,887820417,22,M,student,11101,"Long Kiss Goodnight, The",1996,"['Action', 'Thriller']"
178,731,4,882827532,26,M,other,49512,"Corrina, Corrina",1994,"['Comedy', 'Drama', 'Romance']"
379,127,5,880524811,44,M,programmer,98117,"Godfather, The",1972,"['Action', 'Crime', 'Drama']"
468,127,4,875280126,28,M,engineer,02341,"Godfather, The",1972,"['Action', 'Crime', 'Drama']"
351,328,4,879481550,61,M,educator,49938,Conspiracy Theory,1997,"['Action', 'Mystery', 'Romance', 'Thriller']"
201,285,4,884114471,27,M,writer,E2A4H,Secrets & Lies,1996,['Drama']
452,82,3,886149040,35,M,administrator,28018,Jurassic Park,1993,"['Action', 'Adventure', 'Sci-Fi']"
271,257,4,886106038,51,M,engineer,22932,Men in Black,1997,"['Action', 'Adventure', 'Comedy', 'Sci-Fi']"
235,522,5,889655086,37,M,educator,22973,Down by Law,1986,"['Comedy', 'Drama']"
757,17,3,888466490,26,M,student,55104,From Dusk Till Dawn,1996,"['Action', 'Comedy', 'Crime', 'Horror', 'Thriller']"
279,1488,4,875659924,33,M,programmer,85251,Germinal,1993,['Drama']
721,81,2,877139301,24,F,entertainment,11238,"Hudsucker Proxy, The",1994,"['Comedy', 'Romance']"
359,273,4,886453325,22,M,student,61801,Heat,1995,"['Action', 'Crime', 'Thriller']"
653,1478,2,880153705,31,M,executive,55105,Dead Presidents,1995,"['Action', 'Crime', 'Drama']"
399,54,4,882343126,25,M,other,92374,Outbreak,1995,"['Action', 'Drama', 'Thriller']"
57,194,4,883698272,16,M,none,84010,"Sting, The",1973,"['Comedy', 'Crime']"
488,498,3,891294707,48,M,technician,21012,"African Queen, The",1951,"['Action', 'Adventure', 'Romance', 'War']"
515,315,4,887658604,53,M,marketing,49508,Apt Pupil,1998,"['Drama', 'Thriller']"
276,97,3,874787549,21,M,student,95064,Dances with Wolves,1990,"['Adventure', 'Drama', 'Western']"
896,222,4,887159109,28,M,writer,91505,Star Trek: First Contact,1996,"['Action', 'Adventure', 'Sci-Fi']"
450,661,3,882373231,35,F,educator,11758,High Noon,1952,['Western']
279,158,3,875313351,33,M,programmer,85251,Weekend at Bernie's,1989,['Comedy']
290,234,3,880474451,40,M,engineer,93550,Jaws,1975,"['Action', 'Horror']"
93,235,4,888705939,48,M,executive,23112,Mars Attacks!,1996,"['Action', 'Comedy', 'Sci-Fi', 'War']"
408,683,3,889679982,23,M,student,61755,Rocket Man,1997,['Comedy']
7,197,4,891351082,57,M,administrator,91344,"Graduate, The",1967,"['Drama', 'Romance']"
496,222,3,876064290,21,F,student,55414,Star Trek: First Contact,1996,"['Action', 'Adventure', 'Sci-Fi']"
95,554,3,879196748,31,M,administrator,10707,Waterworld,1995,"['Action', 'Adventure']"
162,298,4,877635690,25,M,artist,15610,Face/Off,1997,"['Action', 'Sci-Fi', 'Thriller']"
294,300,4,877818861,34,M,technician,92110,Air Force One,1997,"['Action', 'Thriller']"
320,1059,4,884748868,19,M,student,24060,Don't Be a Menace to South Central While Drinking Your Juice in the Hood,1996,['Comedy']
618,497,2,891307019,15,F,student,44212,Bringing Up Baby,1938,['Comedy']
1,192,4,875072547,24,M,technician,85711,Raging Bull,1980,['Drama']
394,431,5,880889607,25,M,administrator,96819,Highlander,1986,"['Action', 'Adventure']"
325,188,2,891478944,48,M,technician,02139,Full Metal Jacket,1987,"['Action', 'Drama', 'War']"
57,125,3,883697223,16,M,none,84010,Phenomenon,1996,"['Drama', 'Romance']"
654,1115,3,887863779,27,F,student,78739,Twelfth Night,1996,"['Comedy', 'Drama', 'Romance']"
532,746,5,893119438,20,M,student,92705,Real Genius,1985,['Comedy']
622,100,5,882590252,25,M,programmer,14850,Fargo,1997,"['Crime', 'Drama', 'Thriller']"
158,68,3,880134532,50,M,educator,27606,"Crow, The",1994,"['Action', 'Romance', 'Thriller']"
851,984,3,874809850,18,M,other,29646,Shadow Conspiracy,1997,['Thriller']
92,961,4,875811128,32,M,entertainment,80525,Orlando,1993,['Drama']
661,496,5,876015530,28,M,programmer,98121,It's a Wonderful Life,1946,['Drama']
642,725,4,885606067,18,F,student,95521,Exit to Eden,1994,['Comedy']
622,552,2,882671863,25,M,programmer,14850,Species,1995,['Sci-Fi']
883,52,3,891693169,49,M,librarian,50266,"Madness of King George, The",1994,['Drama']
796,540,2,893048672,32,F,writer,33755,Money Train,1995,['Action']
151,561,3,879543342,38,F,administrator,48103,Mary Shelley's Frankenstein,1994,"['Drama', 'Horror']"
788,176,5,880868743,51,M,administrator,05779,Aliens,1986,"['Action', 'Sci-Fi', 'Thriller', 'War']"
645,182,5,892053686,27,M,programmer,53211,GoodFellas,1990,"['Crime', 'Drama']"
892,129,3,886608897,36,M,other,45243,Bound,1996,"['Crime', 'Drama', 'Romance', 'Thriller']"
385,145,1,879449745,36,M,writer,10003,"Lawnmower Man, The",1992,"['Action', 'Sci-Fi', 'Thriller']"
267,67,3,878973088,23,M,engineer,83716,Ace Ventura: Pet Detective,1994,['Comedy']
719,88,3,888454637,37,F,other,V0R2H,Sleepless in Seattle,1993,"['Comedy', 'Romance']"
878,402,4,880869303,50,F,educator,98027,Ghost,1990,"['Comedy', 'Romance', 'Thriller']"
189,209,1,893265826,32,M,artist,95014,This Is Spinal Tap,1984,"['Comedy', 'Drama', 'Musical']"
454,1105,3,888015988,57,M,other,97330,Firestorm,1998,"['Action', 'Adventure', 'Thriller']"
174,950,3,886434204,30,F,administrator,52302,Georgia,1995,['Drama']
142,346,5,888639815,13,M,other,48118,Jackie Brown,1997,"['Crime', 'Drama']"
922,94,3,891449333,29,F,administrator,21114,Home Alone,1990,"[""Children's"", 'Comedy']"
158,148,4,880132613,50,M,educator,27606,"Ghost and the Darkness, The",1996,"['Action', 'Adventure']"
795,175,5,881263767,30,M,programmer,08610,Brazil,1985,['Sci-Fi']
925,245,3,884633287,18,F,salesman,49036,"Devil's Own, The",1997,"['Action', 'Drama', 'Thriller', 'War']"
313,531,3,891014524,41,M,marketing,60035,Shine,1996,"['Drama', 'Romance']"
5,453,1,879198898,33,F,other,15213,Jaws 3-D,1983,"['Action', 'Horror']"
322,64,5,887314148,20,M,student,50613,"Shawshank Redemption, The",1994,['Drama']
279,1321,4,888806671,33,M,programmer,85251,Open Season,1996,['Comedy']
577,200,3,880475226,36,F,student,77845,"Shining, The",1980,['Horror']
858,269,4,879458608,63,M,educator,09645,"Full Monty, The",1997,['Comedy']
336,655,3,877757752,23,M,salesman,42101,Stand by Me,1986,"['Adventure', 'Comedy', 'Drama']"
227,294,3,879035431,46,M,executive,60659,Liar Liar,1997,['Comedy']
551,223,4,892776650,25,M,programmer,55414,Sling Blade,1996,"['Drama', 'Thriller']"
99,12,5,885680458,20,M,student,63129,"Usual Suspects, The",1995,"['Crime', 'Thriller']"
577,1291,3,880471954,36,F,student,77845,Celtic Pride,1996,['Comedy']
385,1128,3,879441662,36,M,writer,10003,Heidi Fleiss: Hollywood Madam ,1996,['Documentary']
327,204,4,887818658,22,M,student,11101,Back to the Future,1985,"['Comedy', 'Sci-Fi']"
772,898,3,889028941,50,M,writer,27105,"Postman, The",1997,['Drama']
820,324,3,887955020,22,M,student,37725,Lost Highway,1997,['Mystery']
659,431,4,891385627,31,M,educator,54248,Highlander,1986,"['Action', 'Adventure']"
554,1028,3,876551044,32,M,scientist,62901,Grumpier Old Men,1995,"['Comedy', 'Romance']"
62,155,1,879376633,27,F,administrator,97214,Dirty Dancing,1987,"['Musical', 'Romance']"
200,243,3,876041719,40,M,programmer,93402,Jungle2Jungle,1997,"[""Children's"", 'Comedy']"
327,523,4,887818800,22,M,student,11101,Cool Hand Luke,1967,"['Comedy', 'Drama']"
216,184,4,880245056,22,M,engineer,02215,Army of Darkness,1993,"['Action', 'Adventure', 'Comedy', 'Horror', 'Sci-Fi']"
659,258,4,891331825,31,M,educator,54248,Contact,1997,"['Drama', 'Sci-Fi']"
653,386,1,880152864,31,M,executive,55105,Addams Family Values,1993,['Comedy']
599,220,5,880951479,22,F,student,R3T5K,"Mirror Has Two Faces, The",1996,"['Comedy', 'Romance']"
930,405,3,879534803,28,F,scientist,07310,Mission: Impossible,1996,"['Action', 'Adventure', 'Mystery']"
437,139,3,881001576,27,F,other,20009,"Love Bug, The",1969,"[""Children's"", 'Comedy']"
268,363,1,875744228,24,M,engineer,19422,Sudden Death,1995,['Action']
1,83,3,875072370,24,M,technician,85711,Much Ado About Nothing,1993,"['Comedy', 'Romance']"
470,742,4,879178455,24,M,programmer,10021,Ransom,1996,"['Drama', 'Thriller']"
864,1531,3,888890690,27,M,programmer,63021,Far From Home: The Adventures of Yellow Dog,1995,"['Adventure', ""Children's""]"
585,713,4,891282808,69,M,librarian,98501,Othello,1995,['Drama']
493,191,4,884132225,22,M,engineer,60090,Amadeus,1984,"['Drama', 'Mystery']"
727,1088,2,883709884,25,M,student,78741,Double Team,1997,['Action']
299,510,5,889501392,29,M,doctor,63108,"Magnificent Seven, The",1954,"['Action', 'Drama', 'Western']"
94,226,2,891721238,26,M,student,71457,Die Hard 2,1990,"['Action', 'Thriller']"
627,215,1,879529767,24,M,engineer,08034,Field of Dreams,1989,['Drama']
409,200,2,881109175,48,M,administrator,98225,"Shining, The",1980,['Horror']
234,473,5,892334976,60,M,retired,94702,James and the Giant Peach,1996,"['Animation', ""Children's"", 'Musical']"
316,14,4,880853881,43,F,other,77009,"Postino, Il",1994,"['Drama', 'Romance']"
389,402,3,880613797,44,F,writer,83702,Ghost,1990,"['Comedy', 'Romance', 'Thriller']"
798,116,3,875554781,40,F,writer,64131,Cold Comfort Farm,1996,['Comedy']
716,1203,2,879795239,36,F,administrator,44265,Top Hat,1935,"['Comedy', 'Musical', 'Romance']"
294,1134,3,877819761,34,M,technician,92110,Get on the Bus,1996,['Drama']
183,229,3,891463591,33,M,scientist,27708,Star Trek III: The Search for Spock,1984,"['Action', 'Adventure', 'Sci-Fi']"
738,117,3,875350913,35,M,technician,95403,"Rock, The",1996,"['Action', 'Adventure', 'Thriller']"
54,147,5,880935959,22,M,executive,66315,"Long Kiss Goodnight, The",1996,"['Action', 'Thriller']"
587,269,3,892870956,26,M,other,14216,"Full Monty, The",1997,['Comedy']
521,144,3,884478171,19,M,student,02146,Die Hard,1988,"['Action', 'Thriller']"
401,654,3,891033184,46,F,healthcare,84107,Chinatown,1974,"['Film-Noir', 'Mystery', 'Thriller']"
738,227,4,875353533,35,M,technician,95403,Star Trek VI: The Undiscovered Country,1991,"['Action', 'Adventure', 'Sci-Fi']"
95,216,5,880573287,31,M,administrator,10707,When Harry Met Sally...,1989,"['Comedy', 'Romance']"
843,194,2,879445590,35,M,librarian,44212,"Sting, The",1973,"['Comedy', 'Crime']"
178,331,4,882823301,26,M,other,49512,"Edge, The",1997,"['Adventure', 'Thriller']"
244,66,4,880607683,28,M,technician,80525,While You Were Sleeping,1995,"['Comedy', 'Romance']"
747,223,5,888638913,19,M,other,93612,Sling Blade,1996,"['Drama', 'Thriller']"
359,286,5,886453161,22,M,student,61801,"English Patient, The",1996,"['Drama', 'Romance', 'War']"
508,98,3,883767140,27,M,marketing,19382,"Silence of the Lambs, The",1991,"['Drama', 'Thriller']"
211,199,5,879459952,66,M,salesman,32605,"Bridge on the River Kwai, The",1957,"['Drama', 'War']"
95,1206,4,888956137,31,M,administrator,10707,Amos & Andrew,1993,['Comedy']
22,568,4,878887810,25,M,writer,40206,Speed,1994,"['Action', 'Romance', 'Thriller']"
826,651,4,885690526,28,M,artist,77048,Glory,1989,"['Action', 'Drama', 'War']"
10,527,4,877886597,53,M,lawyer,90703,Gandhi,1982,['Drama']
768,300,5,883835026,29,M,administrator,12866,Air Force One,1997,"['Action', 'Thriller']"
497,168,5,878760023,20,M,student,50112,Monty Python and the Holy Grail,1974,['Comedy']
194,91,3,879524892,38,M,administrator,02154,"Nightmare Before Christmas, The",1993,"[""Children's"", 'Comedy', 'Musical']"
787,305,3,888979721,18,F,student,98620,"Ice Storm, The",1997,['Drama']
537,478,4,886030938,36,M,engineer,22902,"Philadelphia Story, The",1940,"['Comedy', 'Romance']"
128,838,5,879968164,24,F,marketing,20009,In the Line of Duty 2,1996,['Action']
354,421,2,891306852,29,F,librarian,48197,William Shakespeare's Romeo and Juliet,1996,"['Drama', 'Romance']"
566,182,4,881649428,20,M,student,14627,GoodFellas,1990,"['Crime', 'Drama']"
840,936,4,891203504,39,M,artist,55406,Brassed Off,1997,"['Comedy', 'Drama', 'Romance']"
158,56,5,880134296,50,M,educator,27606,Pulp Fiction,1994,"['Crime', 'Drama']"
297,218,3,875409827,29,F,educator,98103,Cape Fear,1991,['Thriller']
806,1129,3,882384988,27,M,marketing,11217,Chungking Express,1996,"['Drama', 'Mystery', 'Romance']"
690,238,5,881177302,35,M,salesman,63304,Raising Arizona,1987,['Comedy']
943,427,4,888639147,22,M,student,77841,To Kill a Mockingbird,1962,['Drama']
561,1009,4,885810706,23,M,engineer,60005,Stealing Beauty,1996,['Drama']
454,614,3,888267590,57,M,other,97330,Giant,1956,['Drama']
46,125,4,883616284,27,F,marketing,46538,Phenomenon,1996,"['Drama', 'Romance']"
666,264,3,880138999,44,M,administrator,61820,Mimic,1997,"['Sci-Fi', 'Thriller']"
480,257,4,891208037,57,M,retired,98257,Men in Black,1997,"['Action', 'Adventure', 'Comedy', 'Sci-Fi']"
343,83,4,876404957,43,M,engineer,30093,Much Ado About Nothing,1993,"['Comedy', 'Romance']"
711,200,4,879993918,22,F,student,15203,"Shining, The",1980,['Horror']
484,250,4,891194646,27,M,student,21208,"Fifth Element, The",1997,"['Action', 'Sci-Fi']"
49,42,4,888068791,23,F,student,76111,Clerks,1994,['Comedy']
660,125,3,891198421,26,M,student,77380,Phenomenon,1996,"['Drama', 'Romance']"
342,223,4,875318907,25,F,other,98006,Sling Blade,1996,"['Drama', 'Thriller']"
274,472,3,878945918,20,F,student,55414,Dragonheart,1996,"['Action', 'Adventure', 'Fantasy']"
94,302,4,891928684,26,M,student,71457,L.A. Confidential,1997,"['Crime', 'Film-Noir', 'Mystery', 'Thriller']"
497,568,3,879310792,20,M,student,50112,Speed,1994,"['Action', 'Romance', 'Thriller']"
92,96,4,875656025,32,M,entertainment,80525,Terminator 2: Judgment Day,1991,"['Action', 'Sci-Fi', 'Thriller']"
360,496,3,880356092,51,M,other,98027,It's a Wonderful Life,1946,['Drama']
460,458,2,882911603,44,F,other,60630,Nixon,1995,['Drama']
302,358,3,879436981,42,M,educator,77904,Spawn,1997,"['Action', 'Adventure', 'Sci-Fi', 'Thriller']"
764,4,3,876245421,27,F,educator,62903,Get Shorty,1995,"['Action', 'Comedy', 'Drama']"
823,426,4,878437658,27,M,artist,50322,"Transformers: The Movie, The",1986,"['Action', 'Animation', ""Children's"", 'Sci-Fi', 'Thriller', 'War']"
588,326,4,890014782,18,F,student,93063,G.I. Jane,1997,"['Action', 'Drama', 'War']"
385,285,5,879439637,36,M,writer,10003,Secrets & Lies,1996,['Drama']
246,56,1,884920948,19,M,student,28734,Pulp Fiction,1994,"['Crime', 'Drama']"
506,226,4,885135844,46,M,programmer,03869,Die Hard 2,1990,"['Action', 'Thriller']"
305,733,3,886324661,23,M,programmer,94086,Go Fish,1994,"['Drama', 'Romance']"
807,1483,4,892527385,41,F,healthcare,93555,"Man in the Iron Mask, The",1998,"['Action', 'Drama', 'Romance']"
812,302,3,877625109,22,M,technician,76234,L.A. Confidential,1997,"['Crime', 'Film-Noir', 'Mystery', 'Thriller']"
213,685,3,878870987,33,M,executive,55345,Executive Decision,1996,"['Action', 'Thriller']"
72,82,3,880037242,48,F,administrator,73034,Jurassic Park,1993,"['Action', 'Adventure', 'Sci-Fi']"
168,930,3,884288243,48,M,other,80127,Chain Reaction,1996,"['Action', 'Adventure', 'Thriller']"
125,289,5,892835854,30,M,lawyer,22202,Evita,1996,"['Drama', 'Musical']"
397,324,2,882838749,17,M,student,27514,Lost Highway,1997,['Mystery']
548,288,3,891042794,51,M,writer,95468,Scream,1996,"['Horror', 'Thriller']"
327,198,4,887747337,22,M,student,11101,Nikita (La Femme Nikita),1990,['Thriller']
771,181,4,880659653,26,M,student,15232,Return of the Jedi,1997,"['Action', 'Adventure', 'Romance', 'Sci-Fi', 'War']"
622,49,3,882671273,25,M,programmer,14850,I.Q.,1994,"['Comedy', 'Romance']"
782,689,3,891498720,21,F,artist,33205,"Jackal, The",1997,"['Action', 'Thriller']"
618,776,2,891307098,15,F,student,44212,Three Wishes,1995,['Drama']
935,471,4,884472352,42,M,doctor,66221,Courage Under Fire,1996,"['Drama', 'War']"
323,150,4,878739568,21,M,student,19149,Swingers,1996,"['Comedy', 'Drama']"
284,333,3,885329146,40,M,executive,92629,"Game, The",1997,"['Mystery', 'Thriller']"
508,172,5,883767157,27,M,marketing,19382,"Empire Strikes Back, The",1980,"['Action', 'Adventure', 'Drama', 'Romance', 'Sci-Fi', 'War']"
455,924,3,879110154,48,M,administrator,83709,White Squall,1996,"['Adventure', 'Drama']"
13,328,3,881514811,47,M,educator,29206,Conspiracy Theory,1997,"['Action', 'Mystery', 'Romance', 'Thriller']"
777,180,5,875980306,63,M,programmer,01810,Apocalypse Now,1979,"['Drama', 'War']"
642,447,4,886569328,18,F,student,95521,Carrie,1976,['Horror']
457,1119,4,882398308,33,F,salesman,30011,Some Kind of Wonderful,1987,"['Drama', 'Romance']"
275,405,2,876197645,38,M,engineer,92064,Mission: Impossible,1996,"['Action', 'Adventure', 'Mystery']"
790,774,4,885156904,27,M,technician,80913,"Prophecy, The",1995,['Horror']
561,160,3,885808904,23,M,engineer,60005,Glengarry Glen Ross,1992,['Drama']
722,866,4,891281108,50,F,homemaker,17331,Michael,1996,"['Comedy', 'Romance']"
738,118,3,875351438,35,M,technician,95403,Twister,1996,"['Action', 'Adventure', 'Thriller']"
640,373,3,874778756,20,M,student,61801,Judge Dredd,1995,"['Action', 'Adventure', 'Sci-Fi']"
223,820,4,891550371,19,F,student,47906,Space Jam,1996,"['Adventure', 'Animation', ""Children's"", 'Comedy', 'Fantasy']"
160,1,4,876768025,27,M,programmer,66215,Toy Story,1995,"['Animation', ""Children's"", 'Comedy']"
603,174,3,891956927,21,M,programmer,47905,Raiders of the Lost Ark,1981,"['Action', 'Adventure']"
615,286,4,879447500,38,M,educator,27705,"English Patient, The",1996,"['Drama', 'Romance', 'War']"
313,546,4,891028426,41,M,marketing,60035,Broken Arrow,1996,"['Action', 'Thriller']"
417,588,3,879647540,27,F,other,48103,Beauty and the Beast,1991,"['Animation', ""Children's"", 'Musical']"
667,131,5,891034810,35,M,librarian,01970,Breakfast at Tiffany's,1961,"['Drama', 'Romance']"
90,323,3,891382634,60,M,educator,78155,Dante's Peak,1997,"['Action', 'Thriller']"
315,79,4,879821349,31,M,educator,18301,"Fugitive, The",1993,"['Action', 'Thriller']"
823,710,4,878438457,27,M,artist,50322,Better Off Dead...,1985,['Comedy']
200,1139,3,884130484,40,M,programmer,93402,Hackers,1995,"['Action', 'Crime', 'Thriller']"
110,568,3,886988449,19,M,student,77840,Speed,1994,"['Action', 'Romance', 'Thriller']"
693,1136,3,883975358,43,F,healthcare,85210,Ghosts of Mississippi,1996,['Drama']
99,118,2,885679237,20,M,student,63129,Twister,1996,"['Action', 'Adventure', 'Thriller']"
796,281,4,893194929,32,F,writer,33755,"River Wild, The",1994,"['Action', 'Thriller']"
440,283,5,891577894,30,M,other,48076,Emma,1996,"['Drama', 'Romance']"
838,175,3,887066186,23,M,student,01375,Brazil,1985,['Sci-Fi']
405,1109,1,885548632,22,F,healthcare,10019,Death and the Maiden,1994,"['Drama', 'Thriller']"
768,288,4,883834705,29,M,administrator,12866,Scream,1996,"['Horror', 'Thriller']"
894,306,4,879896756,47,M,educator,74075,"Mrs. Brown (Her Majesty, Mrs. Brown)",1997,"['Drama', 'Romance']"
216,25,3,881428365,22,M,engineer,02215,"Birdcage, The",1996,['Comedy']
290,15,4,880474494,40,M,engineer,93550,Mr. Holland's Opus,1996,['Drama']
22,456,1,878887413,25,M,writer,40206,Beverly Hills Ninja,1997,"['Action', 'Comedy']"
846,67,4,883950252,27,M,lawyer,47130,Ace Ventura: Pet Detective,1994,['Comedy']
592,100,5,882608182,18,M,student,97520,Fargo,1997,"['Crime', 'Drama', 'Thriller']"
567,203,4,882426508,24,M,entertainment,10003,Unforgiven,1992,['Western']
214,191,4,891544472,26,F,librarian,11231,Amadeus,1984,"['Drama', 'Mystery']"
279,32,3,875298696,33,M,programmer,85251,Crumb,1994,['Documentary']
379,428,4,880568452,44,M,programmer,98117,Harold and Maude,1971,['Comedy']
654,118,2,887863914,27,F,student,78739,Twister,1996,"['Action', 'Adventure', 'Thriller']"
862,288,5,879302533,25,M,executive,13820,Scream,1996,"['Horror', 'Thriller']"
648,479,4,884368538,43,M,engineer,91351,Vertigo,1958,"['Mystery', 'Thriller']"
316,482,3,880854337,43,F,other,77009,Some Like It Hot,1959,"['Comedy', 'Crime']"
804,219,3,879445072,39,M,educator,61820,"Nightmare on Elm Street, A",1984,['Horror']
655,283,3,887425936,50,F,healthcare,60657,Emma,1996,"['Drama', 'Romance']"
339,88,4,891035454,35,M,lawyer,37901,Sleepless in Seattle,1993,"['Comedy', 'Romance']"
287,98,4,875334759,21,M,salesman,31211,"Silence of the Lambs, The",1991,"['Drama', 'Thriller']"
653,1228,2,880153378,31,M,executive,55105,Under Siege 2: Dark Territory,1995,['Action']
144,9,5,888104191,53,M,programmer,20910,Dead Man Walking,1995,['Drama']
846,28,5,883948685,27,M,lawyer,47130,Apollo 13,1995,"['Action', 'Drama', 'Thriller']"
792,282,3,877909931,40,M,programmer,12205,"Time to Kill, A",1996,['Drama']
856,879,3,891489450,43,F,marketing,97215,"Peacemaker, The",1997,"['Action', 'Thriller', 'War']"
872,748,3,888478942,19,F,student,74078,"Saint, The",1997,"['Action', 'Romance', 'Thriller']"
648,144,4,884368273,43,M,engineer,91351,Die Hard,1988,"['Action', 'Thriller']"
504,158,3,887910737,40,F,writer,92115,Weekend at Bernie's,1989,['Comedy']
70,96,4,884066910,27,M,engineer,60067,Terminator 2: Judgment Day,1991,"['Action', 'Sci-Fi', 'Thriller']"
738,257,3,875348912,35,M,technician,95403,Men in Black,1997,"['Action', 'Adventure', 'Comedy', 'Sci-Fi']"
326,134,3,879875797,41,M,administrator,15235,Citizen Kane,1941,['Drama']
852,118,4,891037262,46,M,administrator,94086,Twister,1996,"['Action', 'Adventure', 'Thriller']"
564,827,3,888731038,65,M,retired,94591,Daylight,1996,"['Action', 'Adventure', 'Thriller']"
545,820,3,879901359,27,M,technician,08052,Space Jam,1996,"['Adventure', 'Animation', ""Children's"", 'Comedy', 'Fantasy']"
669,523,4,891260638,37,M,other,20009,Cool Hand Luke,1967,"['Comedy', 'Drama']"
521,17,1,885254888,19,M,student,02146,From Dusk Till Dawn,1996,"['Action', 'Comedy', 'Crime', 'Horror', 'Thriller']"
422,325,2,875129692,26,M,entertainment,94533,Crash,1997,"['Drama', 'Thriller']"
526,125,2,885682657,30,M,marketing,97124,Phenomenon,1996,"['Drama', 'Romance']"
693,581,3,875482731,43,F,healthcare,85210,Kalifornia,1993,"['Drama', 'Thriller']"
940,95,5,885921800,32,M,administrator,02215,Aladdin,1992,"['Animation', ""Children's"", 'Comedy', 'Musical']"
7,179,5,891352303,57,M,administrator,91344,"Clockwork Orange, A",1971,['Sci-Fi']
295,237,4,879517994,31,M,educator,50325,Jerry Maguire,1996,"['Drama', 'Romance']"
187,210,4,879465242,26,M,educator,16801,Indiana Jones and the Last Crusade,1989,"['Action', 'Adventure']"
429,540,3,882386916,27,M,student,29205,Money Train,1995,['Action']
715,144,5,875962991,21,M,technician,91206,Die Hard,1988,"['Action', 'Thriller']"
721,1,5,877137877,24,F,entertainment,11238,Toy Story,1995,"['Animation', ""Children's"", 'Comedy']"
271,763,3,885847876,51,M,engineer,22932,Happy Gilmore,1996,['Comedy']
934,630,4,891192285,61,M,engineer,22902,"Great Race, The",1965,"['Comedy', 'Musical']"
850,28,5,883195214,34,M,technician,78390,Apollo 13,1995,"['Action', 'Drama', 'Thriller']"
847,210,3,878940584,29,M,student,55417,Indiana Jones and the Last Crusade,1989,"['Action', 'Adventure']"
936,106,3,886833148,24,M,other,32789,Diabolique,1996,"['Drama', 'Thriller']"
230,431,3,880485254,28,F,student,14476,Highlander,1986,"['Action', 'Adventure']"
292,234,5,881105245,35,F,programmer,94703,Jaws,1975,"['Action', 'Horror']"
643,111,4,891446301,39,M,scientist,55122,"Truth About Cats & Dogs, The",1996,"['Comedy', 'Romance']"
44,151,4,878341370,26,M,technician,46260,Willy Wonka and the Chocolate Factory,1971,"['Adventure', ""Children's"", 'Comedy']"
274,411,3,878945888,20,F,student,55414,"Nutty Professor, The",1996,"['Comedy', 'Fantasy', 'Romance', 'Sci-Fi']"
145,13,5,875270507,31,M,entertainment,V3N4P,Mighty Aphrodite,1995,['Comedy']
457,485,4,882396832,33,F,salesman,30011,My Fair Lady,1964,"['Musical', 'Romance']"
151,64,5,879524536,38,F,administrator,48103,"Shawshank Redemption, The",1994,['Drama']
764,98,5,876244991,27,F,educator,62903,"Silence of the Lambs, The",1991,"['Drama', 'Thriller']"
889,650,2,880178130,24,M,technician,78704,"Seventh Seal, The (Sjunde inseglet, Det)",1957,['Drama']
537,209,4,886030966,36,M,engineer,22902,This Is Spinal Tap,1984,"['Comedy', 'Drama', 'Musical']"
590,284,2,879439345,50,M,educator,82435,Tin Cup,1996,"['Comedy', 'Romance']"
121,197,4,891388286,54,M,librarian,99603,"Graduate, The",1967,"['Drama', 'Romance']"
435,751,4,884130725,24,M,engineer,60007,Tomorrow Never Dies,1997,"['Action', 'Romance', 'Thriller']"
458,76,4,886398121,47,M,technician,Y1A6B,Carlito's Way,1993,"['Crime', 'Drama']"
632,763,3,879459304,18,M,student,55454,Happy Gilmore,1996,['Comedy']
833,1118,3,875133924,34,M,writer,90019,Up in Smoke,1978,['Comedy']
472,496,4,875980823,24,M,student,87544,It's a Wonderful Life,1946,['Drama']
854,466,3,882813761,29,F,student,55408,Red Rock West,1992,['Thriller']
417,1011,3,880949438,27,F,other,48103,2 Days in the Valley,1996,['Crime']
847,135,4,878941144,29,M,student,55417,2001: A Space Odyssey,1968,"['Drama', 'Mystery', 'Sci-Fi', 'Thriller']"
195,132,5,875771441,42,M,scientist,93555,"Wizard of Oz, The",1939,"['Adventure', ""Children's"", 'Drama', 'Musical']"
293,1209,2,888908117,24,M,writer,60804,Mixed Nuts,1994,['Comedy']
698,300,4,886365577,28,F,programmer,06906,Air Force One,1997,"['Action', 'Thriller']"
405,303,1,885549904,22,F,healthcare,10019,Ulee's Gold,1997,['Drama']
338,211,4,879438092,39,F,librarian,59717,M*A*S*H,1970,"['Comedy', 'War']"
435,67,4,884132919,24,M,engineer,60007,Ace Ventura: Pet Detective,1994,['Comedy']
130,808,5,878537631,20,M,none,60115,"Program, The",1993,"['Action', 'Drama']"
862,919,4,879303409,25,M,executive,13820,"City of Lost Children, The",1995,"['Adventure', 'Sci-Fi']"
44,99,4,878348812,26,M,technician,46260,Snow White and the Seven Dwarfs,1937,"['Animation', ""Children's"", 'Musical']"
90,1048,4,891385132,60,M,educator,78155,She's the One,1996,"['Comedy', 'Romance']"
379,1032,2,880568109,44,M,programmer,98117,Little Big League,1994,"[""Children's"", 'Comedy']"
748,286,3,879454107,28,M,administrator,94720,"English Patient, The",1996,"['Drama', 'Romance', 'War']"
605,245,3,879366335,33,M,engineer,33716,"Devil's Own, The",1997,"['Action', 'Drama', 'Thriller', 'War']"
13,99,4,882398654,47,M,educator,29206,Snow White and the Seven Dwarfs,1937,"['Animation', ""Children's"", 'Musical']"
75,408,4,884050046,24,M,entertainment,08816,"Close Shave, A",1996,"['Animation', 'Comedy', 'Thriller']"
604,444,2,883668175,39,M,educator,11787,"Blob, The",1958,"['Horror', 'Sci-Fi']"
174,63,4,886514985,30,F,administrator,52302,"Santa Clause, The",1994,"[""Children's"", 'Comedy']"
1,70,3,875072895,24,M,technician,85711,Four Weddings and a Funeral,1994,"['Comedy', 'Romance']"
880,379,4,880241434,13,M,student,83702,Tales From the Crypt Presents: Demon Knight,1995,['Horror']
489,328,4,891366748,55,M,other,45218,Conspiracy Theory,1997,"['Action', 'Mystery', 'Romance', 'Thriller']"
879,118,3,887761562,33,F,administrator,55337,Twister,1996,"['Action', 'Adventure', 'Thriller']"
710,327,3,882063407,19,M,student,92020,Cop Land,1997,"['Crime', 'Drama', 'Mystery']"
554,328,4,878801354,32,M,scientist,62901,Conspiracy Theory,1997,"['Action', 'Mystery', 'Romance', 'Thriller']"
13,506,5,882140691,47,M,educator,29206,Rebel Without a Cause,1955,['Drama']
709,226,3,879848551,21,M,other,N4T1A,Die Hard 2,1990,"['Action', 'Thriller']"
457,531,5,882392906,33,F,salesman,30011,Shine,1996,"['Drama', 'Romance']"
497,62,4,879310913,20,M,student,50112,Stargate,1994,"['Action', 'Adventure', 'Sci-Fi']"
463,302,5,877384835,48,F,healthcare,75218,L.A. Confidential,1997,"['Crime', 'Film-Noir', 'Mystery', 'Thriller']"
398,663,2,875735255,40,M,other,60008,Being There,1979,['Comedy']
416,393,4,886316118,20,F,student,92626,Mrs. Doubtfire,1993,['Comedy']
391,186,5,877399658,23,M,student,84604,"Blues Brothers, The",1980,"['Action', 'Comedy', 'Musical']"
940,168,3,885921597,32,M,administrator,02215,Monty Python and the Holy Grail,1974,['Comedy']
407,239,4,875553509,29,M,engineer,03261,Sneakers,1992,"['Crime', 'Drama', 'Sci-Fi']"
13,446,1,882397039,47,M,educator,29206,Burnt Offerings,1976,['Horror']
381,1407,3,892697314,33,M,artist,94608,"Specialist, The",1994,['Action']
426,526,4,879444734,55,M,educator,01602,Ben-Hur,1959,"['Action', 'Adventure', 'Drama']"
279,291,3,878878420,33,M,programmer,85251,Absolute Power,1997,"['Mystery', 'Thriller']"
13,437,1,882397068,47,M,educator,29206,Amityville 1992: It's About Time,1992,['Horror']
474,213,4,887927509,51,M,executive,93711,"Room with a View, A",1986,"['Drama', 'Romance']"
846,435,5,883948222,27,M,lawyer,47130,Butch Cassidy and the Sundance Kid,1969,"['Action', 'Comedy', 'Western']"
716,631,5,879795867,36,F,administrator,44265,"Crying Game, The",1992,"['Action', 'Drama', 'Romance', 'War']"
312,430,5,891699426,48,M,other,02110,Duck Soup,1933,"['Comedy', 'War']"
201,475,4,884112748,27,M,writer,E2A4H,Trainspotting,1996,['Drama']
846,443,4,883948643,27,M,lawyer,47130,"Birds, The",1963,['Horror']
279,1012,5,875298447,33,M,programmer,85251,Private Parts,1997,"['Comedy', 'Drama']"
311,559,2,884366187,32,M,technician,73071,Interview with the Vampire,1994,"['Drama', 'Horror']"
362,288,4,885019304,35,F,homemaker,85233,Scream,1996,"['Horror', 'Thriller']"
603,172,5,891956139,21,M,programmer,47905,"Empire Strikes Back, The",1980,"['Action', 'Adventure', 'Drama', 'Romance', 'Sci-Fi', 'War']"
62,81,4,879375323,27,F,administrator,97214,"Hudsucker Proxy, The",1994,"['Comedy', 'Romance']"
213,13,4,878955139,33,M,executive,55345,Mighty Aphrodite,1995,['Comedy']
22,926,1,878887062,25,M,writer,40206,Down Periscope,1996,['Comedy']
460,13,3,882912371,44,F,other,60630,Mighty Aphrodite,1995,['Comedy']
764,237,4,876243440,27,F,educator,62903,Jerry Maguire,1996,"['Drama', 'Romance']"
10,162,4,877892210,53,M,lawyer,90703,On Golden Pond,1981,['Drama']
912,152,4,875966320,51,M,other,06512,Sleeper,1973,"['Comedy', 'Sci-Fi']"
109,216,3,880572891,29,M,other,55423,When Harry Met Sally...,1989,"['Comedy', 'Romance']"
898,689,3,888294842,23,M,homemaker,61755,"Jackal, The",1997,"['Action', 'Thriller']"
889,128,5,880180897,24,M,technician,78704,Supercop,1996,"['Action', 'Thriller']"
85,181,4,882813312,51,M,educator,20003,Return of the Jedi,1997,"['Action', 'Adventure', 'Romance', 'Sci-Fi', 'War']"
543,197,4,874866116,33,M,scientist,95123,"Graduate, The",1967,"['Drama', 'Romance']"
595,291,3,886921656,25,M,programmer,31909,Absolute Power,1997,"['Mystery', 'Thriller']"
436,693,5,887769515,30,F,administrator,17345,Casino,1995,['Drama']
222,419,2,878182279,29,M,programmer,27502,Mary Poppins,1964,"[""Children's"", 'Comedy', 'Musical']"
697,280,3,882622597,25,M,other,77042,Up Close and Personal,1996,"['Drama', 'Romance']"
196,202,3,881251728,49,M,writer,55105,Groundhog Day,1993,"['Comedy', 'Romance']"
932,121,3,891251669,58,M,educator,06437,Independence Day (ID4),1996,"['Action', 'Sci-Fi', 'War']"
181,741,1,878962918,26,M,executive,21218,"Last Supper, The",1996,"['Drama', 'Thriller']"
864,217,4,888891524,27,M,programmer,63021,Bram Stoker's Dracula,1992,"['Horror', 'Romance']"
543,471,3,875657863,33,M,scientist,95123,Courage Under Fire,1996,"['Drama', 'War']"
474,684,4,887925977,51,M,executive,93711,In the Line of Fire,1993,"['Action', 'Thriller']"
766,202,3,891310281,42,M,other,10960,Groundhog Day,1993,"['Comedy', 'Romance']"
452,475,2,876299004,35,M,administrator,28018,Trainspotting,1996,['Drama']
42,168,3,881107773,30,M,administrator,17870,Monty Python and the Holy Grail,1974,['Comedy']
291,540,3,874835141,19,M,student,44106,Money Train,1995,['Action']
198,25,2,884205114,21,F,student,55414,"Birdcage, The",1996,['Comedy']
405,652,1,885547360,22,F,healthcare,10019,Rosencrantz and Guildenstern Are Dead,1990,"['Comedy', 'Drama']"
489,539,4,891448834,55,M,other,45218,Mouse Hunt,1997,"[""Children's"", 'Comedy']"
896,647,3,887159502,28,M,writer,91505,Ran,1985,"['Drama', 'War']"
756,1,4,874826629,30,F,none,90247,Toy Story,1995,"['Animation', ""Children's"", 'Comedy']"
292,488,5,881105657,35,F,programmer,94703,Sunset Blvd.,1950,['Film-Noir']
877,306,3,882675993,30,M,other,77504,"Mrs. Brown (Her Majesty, Mrs. Brown)",1997,"['Drama', 'Romance']"
592,1073,5,882956276,18,M,student,97520,Shallow Grave,1994,['Thriller']
711,51,4,879994778,22,F,student,15203,Legends of the Fall,1994,"['Drama', 'Romance', 'War', 'Western']"
13,371,3,882399385,47,M,educator,29206,"Bridges of Madison County, The",1996,"['Drama', 'Romance']"
702,538,4,885767461,37,M,other,89104,Anastasia,1997,"['Animation', ""Children's"", 'Musical']"
412,724,4,879717095,25,M,educator,15222,Circle of Friends,1995,"['Drama', 'Romance']"
886,385,3,876033293,20,M,student,61820,True Lies,1994,"['Action', 'Adventure', 'Comedy', 'Romance']"
697,628,4,882622016,25,M,other,77042,Sleepers,1996,"['Crime', 'Drama']"
534,508,4,877807973,20,M,student,05464,"People vs. Larry Flynt, The",1996,['Drama']
712,1055,4,874730155,22,F,student,54901,"Simple Twist of Fate, A",1994,['Drama']
380,923,3,885478603,32,M,engineer,55117,Raise the Red Lantern,1991,['Drama']
606,530,4,880925074,28,M,programmer,63044,"Man Who Would Be King, The",1975,['Adventure']
392,1258,1,891038247,52,M,writer,59801,Trial and Error,1997,"['Comedy', 'Romance']"
497,1000,2,878759777,20,M,student,50112,Lightning Jack,1994,"['Comedy', 'Western']"
63,282,1,875747657,31,M,marketing,75240,"Time to Kill, A",1996,['Drama']
199,93,4,883782825,30,M,writer,17604,Welcome to the Dollhouse,1996,"['Comedy', 'Drama']"
846,1050,4,883949046,27,M,lawyer,47130,"Ghost and Mrs. Muir, The",1947,"['Drama', 'Romance']"
937,1007,4,876769373,48,M,educator,98072,Waiting for Guffman,1997,['Comedy']
449,1195,5,880410754,23,M,librarian,55021,Strawberry and Chocolate (Fresa y chocolate),1993,['Drama']
94,392,3,891722646,26,M,student,71457,"Man Without a Face, The",1993,['Drama']
94,1199,3,891724798,26,M,student,71457,Cemetery Man (Dellamorte Dellamore),1996,"['Comedy', 'Horror']"
92,226,3,875813412,32,M,entertainment,80525,Die Hard 2,1990,"['Action', 'Thriller']"
787,304,4,888980193,18,F,student,98620,Fly Away Home,1996,"['Adventure', ""Children's""]"
365,25,4,891303950,29,M,lawyer,20009,"Birdcage, The",1996,['Comedy']
276,171,4,874795928,21,M,student,95064,Delicatessen,1991,"['Comedy', 'Sci-Fi']"
880,692,3,880174652,13,M,student,83702,"American President, The",1995,"['Comedy', 'Drama', 'Romance']"
661,175,2,888299899,28,M,programmer,98121,Brazil,1985,['Sci-Fi']
933,508,3,874853927,28,M,student,48105,"People vs. Larry Flynt, The",1996,['Drama']
339,346,5,891032255,35,M,lawyer,37901,Jackie Brown,1997,"['Crime', 'Drama']"
353,258,5,891402757,25,M,scientist,28480,Contact,1997,"['Drama', 'Sci-Fi']"
141,831,2,884585470,49,M,programmer,36117,Escape from L.A.,1996,"['Action', 'Adventure', 'Sci-Fi', 'Thriller']"
930,274,4,879534803,28,F,scientist,07310,Sabrina,1995,"['Comedy', 'Romance']"
184,1014,2,889907468,37,M,librarian,76013,Romy and Michele's High School Reunion,1997,['Comedy']
615,180,4,879448475,38,M,educator,27705,Apocalypse Now,1979,"['Drama', 'War']"
632,54,3,879459304,18,M,student,55454,Outbreak,1995,"['Action', 'Drama', 'Thriller']"
457,825,5,882553112,33,F,salesman,30011,"Arrival, The",1996,"['Action', 'Sci-Fi', 'Thriller']"
99,64,5,885680578,20,M,student,63129,"Shawshank Redemption, The",1994,['Drama']
889,248,4,880176984,24,M,technician,78704,Grosse Pointe Blank,1997,"['Comedy', 'Crime']"
776,442,2,892920480,30,M,librarian,51157,"Amityville Curse, The",1990,['Horror']
563,167,4,880506771,39,F,librarian,32707,Private Benjamin,1980,['Comedy']
586,436,2,884060807,20,M,student,79508,"American Werewolf in London, An",1981,['Horror']
543,469,4,875663056,33,M,scientist,95123,Short Cuts,1993,['Drama']
932,493,5,891249767,58,M,educator,06437,"Thin Man, The",1934,['Mystery']
877,31,4,882678483,30,M,other,77504,Crimson Tide,1995,"['Drama', 'Thriller', 'War']"
92,1215,2,890251747,32,M,entertainment,80525,Barb Wire,1996,"['Action', 'Sci-Fi']"
849,633,5,879695420,15,F,student,25652,"Christmas Carol, A",1938,['Drama']
437,15,4,881001946,27,F,other,20009,Mr. Holland's Opus,1996,['Drama']
841,315,4,889066780,45,M,doctor,47401,Apt Pupil,1998,"['Drama', 'Thriller']"
297,690,5,876717812,29,F,educator,98103,Seven Years in Tibet,1997,"['Drama', 'War']"
338,301,4,879437655,39,F,librarian,59717,In & Out,1997,['Comedy']
187,275,5,879465937,26,M,educator,16801,Sense and Sensibility,1995,"['Drama', 'Romance']"
741,28,3,891018339,25,M,writer,63108,Apollo 13,1995,"['Action', 'Drama', 'Thriller']"
227,93,5,879035431,46,M,executive,60659,Welcome to the Dollhouse,1996,"['Comedy', 'Drama']"
159,932,3,880557464,23,F,student,55346,First Kid,1996,"[""Children's"", 'Comedy']"
313,514,4,891013887,41,M,marketing,60035,Annie Hall,1977,"['Comedy', 'Romance']"
14,820,3,882839856,45,M,scientist,55106,Space Jam,1996,"['Adventure', 'Animation', ""Children's"", 'Comedy', 'Fantasy']"
186,1277,4,879023677,39,F,executive,00000,Set It Off,1996,"['Action', 'Crime']"
416,49,4,893142283,20,F,student,92626,I.Q.,1994,"['Comedy', 'Romance']"
594,269,4,877816219,46,M,educator,M4J2K,"Full Monty, The",1997,['Comedy']
525,742,3,881085843,27,F,administrator,19711,Ransom,1996,"['Drama', 'Thriller']"
15,121,3,879456168,49,F,educator,97301,Independence Day (ID4),1996,"['Action', 'Sci-Fi', 'War']"
524,928,4,884323551,56,M,educator,02159,"Craft, The",1996,"['Drama', 'Horror']"
889,169,5,880177906,24,M,technician,78704,"Wrong Trousers, The",1993,"['Animation', 'Comedy']"
804,91,4,879442192,39,M,educator,61820,"Nightmare Before Christmas, The",1993,"[""Children's"", 'Comedy', 'Musical']"
87,88,5,879876672,47,M,administrator,89503,Sleepless in Seattle,1993,"['Comedy', 'Romance']"
497,388,4,879363253,20,M,student,50112,Beverly Hills Cop III,1994,"['Action', 'Comedy']"
927,410,1,879190223,23,M,programmer,55428,Kingpin,1996,['Comedy']
119,52,3,890627339,32,M,programmer,67401,"Madness of King George, The",1994,['Drama']
843,158,2,879449336,35,M,librarian,44212,Weekend at Bernie's,1989,['Comedy']
492,275,2,879969210,57,M,educator,94618,Sense and Sensibility,1995,"['Drama', 'Romance']"
302,988,2,879436875,42,M,educator,77904,"Beautician and the Beast, The",1997,"['Comedy', 'Romance']"
840,135,5,891204356,39,M,artist,55406,2001: A Space Odyssey,1968,"['Drama', 'Mystery', 'Sci-Fi', 'Thriller']"
796,307,4,892611799,32,F,writer,33755,"Devil's Advocate, The",1997,"['Crime', 'Horror', 'Mystery', 'Thriller']"
870,574,1,879902181,22,M,student,65203,Boxing Helena,1993,"['Mystery', 'Romance', 'Thriller']"
86,683,5,879570974,26,M,administrator,46005,Rocket Man,1997,['Comedy']
910,56,4,880821656,28,M,healthcare,29301,Pulp Fiction,1994,"['Crime', 'Drama']"
188,54,4,875074589,42,M,student,29440,Outbreak,1995,"['Action', 'Drama', 'Thriller']"
334,129,4,891544735,32,M,librarian,30002,Bound,1996,"['Crime', 'Drama', 'Romance', 'Thriller']"
311,578,2,884365930,32,M,technician,73071,Demolition Man,1993,"['Action', 'Sci-Fi']"
334,68,3,891548387,32,M,librarian,30002,"Crow, The",1994,"['Action', 'Romance', 'Thriller']"
276,401,3,874792094,21,M,student,95064,"Brady Bunch Movie, The",1995,['Comedy']
256,92,1,882164603,35,F,none,39042,True Romance,1993,"['Action', 'Crime', 'Romance']"
311,86,5,884365252,32,M,technician,73071,"Remains of the Day, The",1993,['Drama']
704,381,3,891397713,51,F,librarian,91105,Muriel's Wedding,1994,"['Comedy', 'Romance']"
518,13,4,876823266,49,F,writer,99709,Mighty Aphrodite,1995,['Comedy']
201,1187,3,884112201,27,M,writer,E2A4H,Switchblade Sisters,1975,['Crime']
378,117,3,880044419,35,M,student,02859,"Rock, The",1996,"['Action', 'Adventure', 'Thriller']"
592,340,5,882607476,18,M,student,97520,Boogie Nights,1997,['Drama']
429,132,3,882385636,27,M,student,29205,"Wizard of Oz, The",1939,"['Adventure', ""Children's"", 'Drama', 'Musical']"
425,515,3,890347138,19,M,student,58644,"Boot, Das",1997,"['Action', 'Drama', 'War']"
381,96,5,892697174,33,M,artist,94608,Terminator 2: Judgment Day,1991,"['Action', 'Sci-Fi', 'Thriller']"
937,847,4,876769213,48,M,educator,98072,Looking for Richard,1996,"['Documentary', 'Drama']"
534,93,1,877807692,20,M,student,05464,Welcome to the Dollhouse,1996,"['Comedy', 'Drama']"
293,346,3,888904004,24,M,writer,60804,Jackie Brown,1997,"['Crime', 'Drama']"
156,515,3,888185735,25,M,educator,08360,"Boot, Das",1997,"['Action', 'Drama', 'War']"
145,448,5,877343121,31,M,entertainment,V3N4P,"Omen, The",1976,['Horror']
299,1322,3,877878001,29,M,doctor,63108,Metisse (Café au Lait),1993,['Comedy']
406,92,4,882480836,52,M,educator,93109,True Romance,1993,"['Action', 'Crime', 'Romance']"
527,14,2,879456663,33,M,librarian,12180,"Postino, Il",1994,"['Drama', 'Romance']"
599,245,3,880953441,22,F,student,R3T5K,"Devil's Own, The",1997,"['Action', 'Drama', 'Thriller', 'War']"
315,531,5,879799457,31,M,educator,18301,Shine,1996,"['Drama', 'Romance']"
682,1084,2,888518164,23,M,programmer,55128,Anne Frank Remembered,1996,['Documentary']
104,50,5,888465972,27,M,student,55108,Star Wars,1977,"['Action', 'Adventure', 'Romance', 'Sci-Fi', 'War']"
308,502,5,887739521,60,M,retired,95076,Bananas,1971,"['Comedy', 'War']"
406,611,3,879446268,52,M,educator,93109,Laura,1944,"['Crime', 'Film-Noir', 'Mystery']"
766,219,3,891310241,42,M,other,10960,"Nightmare on Elm Street, A",1984,['Horror']
248,806,3,884534772,25,M,student,37235,Menace II Society,1993,"['Action', 'Crime', 'Drama']"
121,117,1,891388600,54,M,librarian,99603,"Rock, The",1996,"['Action', 'Adventure', 'Thriller']"
708,21,1,877325316,26,F,homemaker,96349,Muppet Treasure Island,1996,"['Action', 'Adventure', 'Comedy', 'Musical', 'Thriller']"
805,319,2,881696876,27,F,other,20009,Everyone Says I Love You,1996,"['Comedy', 'Musical', 'Romance']"
30,289,2,876847817,7,M,student,55436,Evita,1996,"['Drama', 'Musical']"
554,13,2,876232730,32,M,scientist,62901,Mighty Aphrodite,1995,['Comedy']
498,447,3,882205321,26,M,writer,55408,Carrie,1976,['Horror']
128,182,4,879967225,24,F,marketing,20009,GoodFellas,1990,"['Crime', 'Drama']"
798,736,5,875639010,40,F,writer,64131,Shadowlands,1993,"['Drama', 'Romance']"
567,705,5,882426105,24,M,entertainment,10003,Singin' in the Rain,1952,"['Musical', 'Romance']"
416,53,2,876699946,20,F,student,92626,Natural Born Killers,1994,"['Action', 'Thriller']"
379,227,4,880525638,44,M,programmer,98117,Star Trek VI: The Undiscovered Country,1991,"['Action', 'Adventure', 'Sci-Fi']"
385,249,2,879440892,36,M,writer,10003,Austin Powers: International Man of Mystery,1997,['Comedy']
554,678,3,876231229,32,M,scientist,62901,Volcano,1997,"['Drama', 'Thriller']"
216,201,3,880235734,22,M,engineer,02215,Evil Dead II,1987,"['Action', 'Adventure', 'Comedy', 'Horror']"
722,294,2,891280219,50,F,homemaker,17331,Liar Liar,1997,['Comedy']
881,417,2,876538131,39,M,marketing,43017,"Parent Trap, The",1961,"[""Children's"", 'Drama']"
497,407,2,879309852,20,M,student,50112,Spy Hard,1996,['Comedy']
934,131,4,891191778,61,M,engineer,22902,Breakfast at Tiffany's,1961,"['Drama', 'Romance']"
843,655,3,879447030,35,M,librarian,44212,Stand by Me,1986,"['Adventure', 'Comedy', 'Drama']"
293,125,2,888905086,24,M,writer,60804,Phenomenon,1996,"['Drama', 'Romance']"
313,520,5,891013939,41,M,marketing,60035,"Great Escape, The",1963,"['Adventure', 'War']"
638,430,5,876695714,45,M,engineer,01940,Duck Soup,1933,"['Comedy', 'War']"
561,198,3,885808986,23,M,engineer,60005,Nikita (La Femme Nikita),1990,['Thriller']
830,399,5,891561999,46,M,programmer,53066,"Three Musketeers, The",1993,"['Action', 'Adventure', 'Comedy']"
125,85,3,892838424,30,M,lawyer,22202,"Ref, The",1994,['Comedy']
883,919,4,891692713,49,M,librarian,50266,"City of Lost Children, The",1995,"['Adventure', 'Sci-Fi']"
727,1244,3,883709859,25,M,student,78741,Metro,1997,['Action']
120,118,2,889490979,47,F,other,06260,Twister,1996,"['Action', 'Adventure', 'Thriller']"
345,280,3,884991457,28,F,librarian,94143,Up Close and Personal,1996,"['Drama', 'Romance']"
838,408,4,887066040,23,M,student,01375,"Close Shave, A",1996,"['Animation', 'Comedy', 'Thriller']"
409,318,4,881107943,48,M,administrator,98225,Schindler's List,1993,"['Drama', 'War']"
907,1119,5,880159865,25,F,other,80526,Some Kind of Wonderful,1987,"['Drama', 'Romance']"
830,625,3,891561541,46,M,programmer,53066,"Sword in the Stone, The",1963,"['Animation', ""Children's""]"
222,750,5,883815120,29,M,programmer,27502,Amistad,1997,['Drama']
201,286,2,884110702,27,M,writer,E2A4H,"English Patient, The",1996,"['Drama', 'Romance', 'War']"
414,270,5,884998972,24,M,programmer,38115,Gattaca,1997,"['Drama', 'Sci-Fi', 'Thriller']"
249,237,5,879640361,25,M,student,84103,Jerry Maguire,1996,"['Drama', 'Romance']"
561,171,5,885807261,23,M,engineer,60005,Delicatessen,1991,"['Comedy', 'Sci-Fi']"
393,240,2,887745380,19,M,student,83686,Beavis and Butt-head Do America,1996,"['Animation', 'Comedy']"
363,12,5,891495070,20,M,student,87501,"Usual Suspects, The",1995,"['Crime', 'Thriller']"
94,673,3,891721615,26,M,student,71457,Cape Fear,1962,"['Film-Noir', 'Thriller']"
344,125,3,884899741,30,F,librarian,94117,Phenomenon,1996,"['Drama', 'Romance']"
533,412,1,879366159,43,M,librarian,02324,"Very Brady Sequel, A",1996,['Comedy']
100,348,3,891375630,36,M,executive,90254,Desperate Measures,1998,"['Crime', 'Drama', 'Thriller']"
560,151,3,879976542,32,M,student,10003,Willy Wonka and the Chocolate Factory,1971,"['Adventure', ""Children's"", 'Comedy']"
595,864,4,886922069,25,M,programmer,31909,My Fellow Americans,1996,['Comedy']
576,825,4,886986304,48,M,executive,98281,"Arrival, The",1996,"['Action', 'Sci-Fi', 'Thriller']"
187,736,4,879465632,26,M,educator,16801,Shadowlands,1993,"['Drama', 'Romance']"
189,198,4,893265657,32,M,artist,95014,Nikita (La Femme Nikita),1990,['Thriller']
158,53,1,880134781,50,M,educator,27606,Natural Born Killers,1994,"['Action', 'Thriller']"
683,880,3,893283641,42,M,librarian,23509,Soul Food,1997,['Drama']
568,199,3,877906935,39,M,educator,01915,"Bridge on the River Kwai, The",1957,"['Drama', 'War']"
618,1185,2,891309471,15,F,student,44212,In the Army Now,1994,"['Comedy', 'War']"
201,767,4,884114505,27,M,writer,E2A4H,"Addiction, The",1995,['Horror']
416,506,5,893214041,20,F,student,92626,Rebel Without a Cause,1955,['Drama']
73,206,3,888625754,24,M,student,41850,Akira,1988,"['Adventure', 'Animation', 'Sci-Fi', 'Thriller']"
426,480,5,879444473,55,M,educator,01602,North by Northwest,1959,"['Comedy', 'Thriller']"
780,79,4,891363860,49,M,programmer,94560,"Fugitive, The",1993,"['Action', 'Thriller']"
215,1039,5,891436543,35,M,programmer,63033,Hamlet,1997,['Drama']
416,652,4,876699526,20,F,student,92626,Rosencrantz and Guildenstern Are Dead,1990,"['Comedy', 'Drama']"
827,333,3,892157242,23,F,engineer,80228,"Game, The",1997,"['Mystery', 'Thriller']"
269,281,1,891451590,31,F,librarian,43201,"River Wild, The",1994,"['Action', 'Thriller']"
617,563,1,883789747,27,F,writer,11201,Stephen King's The Langoliers,1995,['Horror']
58,823,1,892242419,27,M,programmer,52246,Mulholland Falls,1996,"['Crime', 'Film-Noir', 'Thriller']"
311,768,2,884365889,32,M,technician,73071,Casper,1995,"['Adventure', ""Children's""]"
763,222,5,878918406,27,M,scientist,02113,Star Trek: First Contact,1996,"['Action', 'Adventure', 'Sci-Fi']"
880,1058,2,880242421,13,M,student,83702,"War, The",1994,"['Adventure', 'Drama']"
881,395,3,876538322,39,M,marketing,43017,Robin Hood: Men in Tights,1993,['Comedy']
592,685,2,882608662,18,M,student,97520,Executive Decision,1996,"['Action', 'Thriller']"
530,176,3,886202320,29,M,engineer,94040,Aliens,1986,"['Action', 'Sci-Fi', 'Thriller', 'War']"
222,208,3,881059014,29,M,programmer,27502,Young Frankenstein,1974,"['Comedy', 'Horror']"
655,363,3,887426770,50,F,healthcare,60657,Sudden Death,1995,['Action']
515,269,2,887658844,53,M,marketing,49508,"Full Monty, The",1997,['Comedy']
405,735,5,885545306,22,F,healthcare,10019,Philadelphia,1993,['Drama']
892,495,4,886609218,36,M,other,45243,Around the World in 80 Days,1956,"['Adventure', 'Comedy']"
223,323,2,891549017,19,F,student,47906,Dante's Peak,1997,"['Action', 'Thriller']"
916,154,4,880844552,27,M,engineer,N2L5N,Monty Python's Life of Brian,1979,['Comedy']
535,181,4,879617818,45,F,educator,80302,Return of the Jedi,1997,"['Action', 'Adventure', 'Romance', 'Sci-Fi', 'War']"
313,565,1,891030027,41,M,marketing,60035,Village of the Damned,1995,"['Horror', 'Thriller']"
711,588,4,879993173,22,F,student,15203,Beauty and the Beast,1991,"['Animation', ""Children's"", 'Musical']"
497,239,4,879362835,20,M,student,50112,Sneakers,1992,"['Crime', 'Drama', 'Sci-Fi']"
757,678,2,888443531,26,M,student,55104,Volcano,1997,"['Drama', 'Thriller']"
507,898,5,889964202,18,F,writer,28450,"Postman, The",1997,['Drama']
711,419,5,879994581,22,F,student,15203,Mary Poppins,1964,"[""Children's"", 'Comedy', 'Musical']"
655,656,3,887430072,50,F,healthcare,60657,M,1931,"['Crime', 'Film-Noir', 'Thriller']"
110,245,3,886987540,19,M,student,77840,"Devil's Own, The",1997,"['Action', 'Drama', 'Thriller', 'War']"
109,423,4,880577514,29,M,other,55423,E.T. the Extra-Terrestrial,1982,"[""Children's"", 'Drama', 'Fantasy', 'Sci-Fi']"
551,1044,3,892785223,25,M,programmer,55414,"Paper, The",1994,"['Comedy', 'Drama']"
99,326,3,885678267,20,M,student,63129,G.I. Jane,1997,"['Action', 'Drama', 'War']"
83,892,2,891181444,40,M,other,44133,Flubber,1997,"[""Children's"", 'Comedy', 'Fantasy']"
868,403,2,877111837,21,M,programmer,55303,Batman,1989,"['Action', 'Adventure', 'Crime', 'Drama']"
21,758,1,874951314,26,M,writer,30068,Lawnmower Man 2: Beyond Cyberspace,1996,"['Sci-Fi', 'Thriller']"
655,288,3,887472814,50,F,healthcare,60657,Scream,1996,"['Horror', 'Thriller']"
793,628,3,875103942,22,M,student,85281,Sleepers,1996,"['Crime', 'Drama']"
622,101,5,882592662,25,M,programmer,14850,Heavy Metal,1981,"['Action', 'Adventure', 'Animation', 'Horror', 'Sci-Fi']"
442,29,3,883390641,22,M,student,85282,Batman Forever,1995,"['Action', 'Adventure', 'Comedy', 'Crime']"
269,318,4,891447791,31,F,librarian,43201,Schindler's List,1993,"['Drama', 'War']"
293,91,2,888907499,24,M,writer,60804,"Nightmare Before Christmas, The",1993,"[""Children's"", 'Comedy', 'Musical']"
319,689,3,881355802,38,M,programmer,22030,"Jackal, The",1997,"['Action', 'Thriller']"
711,286,4,876185488,22,F,student,15203,"English Patient, The",1996,"['Drama', 'Romance', 'War']"
416,217,4,886317880,20,F,student,92626,Bram Stoker's Dracula,1992,"['Horror', 'Romance']"
243,736,4,879988520,33,M,educator,60201,Shadowlands,1993,"['Drama', 'Romance']"
389,491,5,879991352,44,F,writer,83702,"Adventures of Robin Hood, The",1938,"['Action', 'Adventure']"
194,230,1,879535548,38,M,administrator,02154,Star Trek IV: The Voyage Home,1986,"['Action', 'Adventure', 'Sci-Fi']"
703,258,4,875242076,26,M,educator,49512,Contact,1997,"['Drama', 'Sci-Fi']"
648,1047,2,882212288,43,M,engineer,91351,Multiplicity,1996,['Comedy']
293,81,4,888906576,24,M,writer,60804,"Hudsucker Proxy, The",1994,"['Comedy', 'Romance']"
673,258,2,888786969,51,M,educator,22906,Contact,1997,"['Drama', 'Sci-Fi']"
184,183,4,889908630,37,M,librarian,76013,Alien,1979,"['Action', 'Horror', 'Sci-Fi', 'Thriller']"
652,323,3,882567100,35,M,other,22911,Dante's Peak,1997,"['Action', 'Thriller']"
398,235,2,875716709,40,M,other,60008,Mars Attacks!,1996,"['Action', 'Comedy', 'Sci-Fi', 'War']"
393,51,4,887746456,19,M,student,83686,Legends of the Fall,1994,"['Drama', 'Romance', 'War', 'Western']"
149,326,3,883512856,35,F,marketing,17325,G.I. Jane,1997,"['Action', 'Drama', 'War']"
78,301,5,879633467,26,M,administrator,61801,In & Out,1997,['Comedy']
846,1101,3,883948685,27,M,lawyer,47130,Six Degrees of Separation,1993,"['Drama', 'Mystery']"
883,479,5,891755017,49,M,librarian,50266,Vertigo,1958,"['Mystery', 'Thriller']"
26,293,3,891371369,49,M,engineer,21044,Donnie Brasco,1997,"['Crime', 'Drama']"
782,288,4,891498079,21,F,artist,33205,Scream,1996,"['Horror', 'Thriller']"
295,966,5,879518060,31,M,educator,50325,"Affair to Remember, An",1957,['Romance']
25,177,3,885852488,39,M,engineer,55107,"Good, The Bad and The Ugly, The",1966,"['Action', 'Western']"
493,1278,5,884130215,22,M,engineer,60090,Selena,1997,"['Drama', 'Musical']"
307,1028,4,875746067,25,M,student,55454,Grumpier Old Men,1995,"['Comedy', 'Romance']"
59,82,5,888205660,49,M,educator,08403,Jurassic Park,1993,"['Action', 'Adventure', 'Sci-Fi']"
491,657,5,891189306,43,F,writer,53711,"Manchurian Candidate, The",1962,"['Film-Noir', 'Thriller']"
639,98,4,891240643,42,F,librarian,12065,"Silence of the Lambs, The",1991,"['Drama', 'Thriller']"
508,1,5,883777430,27,M,marketing,19382,Toy Story,1995,"['Animation', ""Children's"", 'Comedy']"
372,176,3,876869667,25,F,student,66046,Aliens,1986,"['Action', 'Sci-Fi', 'Thriller', 'War']"
601,174,4,876348572,19,F,artist,99687,Raiders of the Lost Ark,1981,"['Action', 'Adventure']"
21,258,4,874950889,26,M,writer,30068,Contact,1997,"['Drama', 'Sci-Fi']"
453,117,4,877552540,18,M,student,06333,"Rock, The",1996,"['Action', 'Adventure', 'Thriller']"
